Afghanistan,Bovine Meat,Protein supply quantity (g/capita/day),1.99,2.27,2.17,2.84,2.09,2.0
Afghanistan,Mutton & Goat Meat,Protein supply quantity (g/capita/day),3.11,3.62,4.45,4.14,2.63,2.14
Afghanistan,Poultry Meat,Protein supply quantity (g/capita/day),0.22,0.3,0.34,0.35,0.22,0.94
Afghanistan,Meat,Protein supply quantity (g/capita/day),5.68,6.67,7.43,7.74,5.15,5.25
Afghanistan,Offals,Protein supply quantity (g/capita/day),1.29,1.65,1.61,1.46,0.88,0.85
Albania,Bovine Meat,Protein supply quantity (g/capita/day),1.82,2.03,2.16,4.77,4.74,8.85
Albania,Mutton & Goat Meat,Protein supply quantity (g/capita/day),2.95,1.98,1.67,1.35,2.23,4.76
Albania,Pigmeat,Protein supply quantity (g/capita/day),0.56,0.77,0.83,0.69,1.65,2.77
Albania,Poultry Meat,Protein supply quantity (g/capita/day),0.34,0.64,1.09,1.1,2.84,5.01
Albania,Meat,Protein supply quantity (g/capita/day),5.68,5.42,5.74,7.9,11.49,21.41
Albania,Offals,Protein supply quantity (g/capita/day),1.28,1.02,0.98,0.87,1.68,1.7
Algeria,Bovine Meat,Protein supply quantity (g/capita/day),1.79,1.01,1.33,1.66,1.37,1.98
Algeria,Mutton & Goat Meat,Protein supply quantity (g/capita/day),1.37,1.26,1.44,2.09,2.03,2.62
Algeria,Pigmeat,Protein supply quantity (g/capita/day),0.43,0.0,0.0,0.0,0.0,0.0
Algeria,Poultry Meat,Protein supply quantity (g/capita/day),0.54,0.56,1.06,2.17,2.25,2.28
Algeria,Meat,Protein supply quantity (g/capita/day),4.32,3.04,4.05,6.08,5.8,7.02
Algeria,Offals,Protein supply quantity (g/capita/day),0.47,0.42,0.44,0.6,0.51,0.6
Angola,Bovine Meat,Protein supply quantity (g/capita/day),1.34,2.77,3.97,3.11,3.65,2.99
Angola,Mutton & Goat Meat,Protein supply quantity (g/capita/day),0.13,0.18,0.21,0.21,0.38,0.45
Angola,Pigmeat,Protein supply quantity (g/capita/day),0.45,0.46,0.74,0.8,0.91,2.2
Angola,Poultry Meat,Protein supply quantity (g/capita/day),0.2,0.33,0.42,0.7,0.98,5.16
Angola,Meat,Protein supply quantity (g/capita/day),2.52,4.23,5.72,5.09,6.17,11.02
Angola,Offals,Protein supply quantity (g/capita/day),0.42,0.68,0.65,0.64,0.63,0.54
Antigua and Barbuda,Bovine Meat,Protein supply quantity (g/capita/day),5.28,5.44,4.93,7.6,3.5,5.76
Antigua and Barbuda,Mutton & Goat Meat,Protein supply quantity (g/capita/day),0.35,0.5,0.59,0.8,1.11,0.75
Antigua and Barbuda,Pigmeat,Protein supply quantity (g/capita/day),1.39,2.45,2.47,1.68,2.05,3.18
Antigua and Barbuda,Poultry Meat,Protein supply quantity (g/capita/day),1.34,3.36,9.12,18.47,16.13,18.62
Antigua and Barbuda,Meat,Protein supply quantity (g/capita/day),8.57,12.99,17.14,28.55,22.78,28.55
Antigua and Barbuda,Offals,Protein supply quantity (g/capita/day),0.4,0.42,0.55,0.93,0.66,1.4
Argentina,Bovine Meat,Protein supply quantity (g/capita/day),41.15,30.49,41.8,32.58,27.99,27.02
Argentina,Mutton & Goat Meat,Protein supply quantity (g/capita/day),2.41,2.4,1.29,0.92,0.62,0.61
Argentina,Pigmeat,Protein supply quantity (g/capita/day),2.67,3.11,2.73,1.39,2.12,2.67
Argentina,Poultry Meat,Protein supply quantity (g/capita/day),0.65,2.78,3.57,4.06,8.62,12.33
Argentina,Meat,Protein supply quantity (g/capita/day),47.32,39.38,50.03,39.6,40.14,43.22
Argentina,Offals,Protein supply quantity (g/capita/day),4.01,4.23,4.0,3.32,3.02,2.65
Australia,Bovine Meat,Protein supply quantity (g/capita/day),15.68,17.15,19.66,16.93,16.09,15.75
Australia,Mutton & Goat Meat,Protein supply quantity (g/capita/day),15.41,13.57,6.86,7.24,4.97,3.03
Australia,Pigmeat,Protein supply quantity (g/capita/day),2.53,3.29,3.8,4.36,4.32,5.45
Australia,Poultry Meat,Protein supply quantity (g/capita/day),1.69,3.97,6.9,8.37,10.97,15.74
Australia,Meat,Protein supply quantity (g/capita/day),36.42,38.54,38.29,38.87,37.94,41.03
Australia,Offals,Protein supply quantity (g/capita/day),3.99,4.87,4.89,4.99,5.2,3.82
Austria,Bovine Meat,Protein supply quantity (g/capita/day),7.09,8.71,10.06,9.07,7.34,6.93
Austria,Mutton & Goat Meat,Protein supply quantity (g/capita/day),0.19,0.1,0.19,0.39,0.42,0.39
Austria,Pigmeat,Protein supply quantity (g/capita/day),11.82,13.34,17.89,19.01,16.06,15.1
Austria,Poultry Meat,Protein supply quantity (g/capita/day),1.56,3.34,4.35,5.81,7.42,7.95
Austria,Meat,Protein supply quantity (g/capita/day),21.5,25.94,32.97,34.83,31.67,30.91
Austria,Offals,Protein supply quantity (g/capita/day),1.74,1.86,2.34,1.96,0.42,0.24
Bahamas,Bovine Meat,Protein supply quantity (g/capita/day),16.37,14.31,11.74,11.02,9.36,7.65
Bahamas,Mutton & Goat Meat,Protein supply quantity (g/capita/day),1.57,1.51,1.43,2.19,2.05,1.0
Bahamas,Pigmeat,Protein supply quantity (g/capita/day),5.77,6.69,6.56,6.48,7.3,8.01
Bahamas,Poultry Meat,Protein supply quantity (g/capita/day),2.86,7.37,10.69,12.47,18.54,19.13
Bahamas,Meat,Protein supply quantity (g/capita/day),26.59,30.33,30.53,32.19,39.31,35.92
Bahamas,Offals,Protein supply quantity (g/capita/day),0.26,0.17,0.54,0.89,1.97,1.59
Bangladesh,Bovine Meat,Protein supply quantity (g/capita/day),0.99,0.89,0.62,0.55,0.56,0.54
Bangladesh,Mutton & Goat Meat,Protein supply quantity (g/capita/day),0.23,0.21,0.12,0.31,0.41,0.56
Bangladesh,Pigmeat,Protein supply quantity (g/capita/day),0.0,0.0,0.0,0.0,0.0,0.0
Bangladesh,Poultry Meat,Protein supply quantity (g/capita/day),0.11,0.26,0.2,0.26,0.31,0.43
Bangladesh,Meat,Protein supply quantity (g/capita/day),1.36,1.43,1.0,1.16,1.34,1.6
Bangladesh,Offals,Protein supply quantity (g/capita/day),0.31,0.29,0.2,0.21,0.22,0.26
Barbados,Bovine Meat,Protein supply quantity (g/capita/day),5.98,9.32,11.91,6.83,6.91,6.67
Barbados,Mutton & Goat Meat,Protein supply quantity (g/capita/day),0.43,2.19,1.35,4.27,1.8,1.38
Barbados,Pigmeat,Protein supply quantity (g/capita/day),5.47,7.82,8.02,5.1,1.21,1.59
Barbados,Poultry Meat,Protein supply quantity (g/capita/day),0.8,5.32,10.58,14.01,14.69,14.76
Barbados,Meat,Protein supply quantity (g/capita/day),12.71,24.71,31.86,31.11,24.61,24.4
Barbados,Offals,Protein supply quantity (g/capita/day),0.32,0.79,1.15,1.39,1.7,1.32
Belize,Bovine Meat,Protein supply quantity (g/capita/day),6.66,3.81,4.66,3.72,2.59,2.28
Belize,Mutton & Goat Meat,Protein supply quantity (g/capita/day),0.03,0.04,0.09,0.01,0.02,0.03
Belize,Pigmeat,Protein supply quantity (g/capita/day),2.94,3.79,4.0,2.04,3.13,4.69
Belize,Poultry Meat,Protein supply quantity (g/capita/day),0.89,4.12,5.46,6.44,9.78,8.41
Belize,Meat,Protein supply quantity (g/capita/day),10.53,11.77,14.22,12.21,15.53,15.55
Belize,Offals,Protein supply quantity (g/capita/day),0.46,0.53,0.59,0.52,0.45,0.34
Benin,Bovine Meat,Protein supply quantity (g/capita/day),0.95,1.09,1.34,1.33,1.07,1.28
Benin,Mutton & Goat Meat,Protein supply quantity (g/capita/day),0.31,0.38,0.6,0.44,0.35,0.33
Benin,Pigmeat,Protein supply quantity (g/capita/day),0.35,0.44,0.44,0.35,0.16,0.27
Benin,Poultry Meat,Protein supply quantity (g/capita/day),0.5,0.62,1.16,0.92,2.76,6.12
Benin,Meat,Protein supply quantity (g/capita/day),3.11,3.68,4.32,3.6,5.01,8.42
Benin,Offals,Protein supply quantity (g/capita/day),0.35,0.44,0.51,0.46,0.37,0.43
Bermuda,Bovine Meat,Protein supply quantity (g/capita/day),20.79,15.81,20.16,13.61,14.57,19.56
Bermuda,Mutton & Goat Meat,Protein supply quantity (g/capita/day),1.97,2.05,1.76,1.78,0.83,3.16
Bermuda,Pigmeat,Protein supply quantity (g/capita/day),4.11,5.95,6.9,5.3,4.57,5.06
Bermuda,Poultry Meat,Protein supply quantity (g/capita/day),5.6,7.27,9.0,15.62,13.39,14.54
Bermuda,Meat,Protein supply quantity (g/capita/day),32.46,31.09,38.21,36.53,33.49,42.32
Bermuda,Offals,Protein supply quantity (g/capita/day),0.12,0.11,0.1,0.09,0.04,0.17
Bolivia (Plurinational State of),Bovine Meat,Protein supply quantity (g/capita/day),4.21,4.15,7.3,6.82,6.67,7.12
Bolivia (Plurinational State of),Mutton & Goat Meat,Protein supply quantity (g/capita/day),2.19,1.99,1.83,0.98,1.02,0.72
Bolivia (Plurinational State of),Pigmeat,Protein supply quantity (g/capita/day),1.39,1.72,2.3,2.4,2.8,2.18
Bolivia (Plurinational State of),Poultry Meat,Protein supply quantity (g/capita/day),0.65,1.34,1.68,2.38,4.75,11.59
Bolivia (Plurinational State of),Meat,Protein supply quantity (g/capita/day),9.32,9.92,13.69,13.03,15.65,22.31
Bolivia (Plurinational State of),Offals,Protein supply quantity (g/capita/day),1.69,1.77,2.13,2.02,2.06,1.76
Botswana,Bovine Meat,Protein supply quantity (g/capita/day),8.02,11.41,2.44,5.86,1.45,3.23
Botswana,Mutton & Goat Meat,Protein supply quantity (g/capita/day),1.55,2.16,1.13,1.84,1.67,1.5
Botswana,Pigmeat,Protein supply quantity (g/capita/day),0.09,0.24,0.08,0.25,0.18,0.19
Botswana,Poultry Meat,Protein supply quantity (g/capita/day),0.11,0.09,0.55,1.81,1.88,1.55
Botswana,Meat,Protein supply quantity (g/capita/day),12.54,16.76,6.44,12.47,8.94,12.74
Botswana,Offals,Protein supply quantity (g/capita/day),1.74,3.24,2.69,1.94,1.48,1.87
Brazil,Bovine Meat,Protein supply quantity (g/capita/day),6.56,6.16,8.26,10.62,12.77,14.61
Brazil,Mutton & Goat Meat,Protein supply quantity (g/capita/day),0.23,0.24,0.17,0.3,0.23,0.23
Brazil,Pigmeat,Protein supply quantity (g/capita/day),1.69,1.98,1.92,1.97,3.44,3.32
Brazil,Poultry Meat,Protein supply quantity (g/capita/day),0.55,1.23,3.13,4.99,9.12,13.17
Brazil,Meat,Protein supply quantity (g/capita/day),9.32,9.72,13.52,17.91,25.57,31.38
Brazil,Offals,Protein supply quantity (g/capita/day),0.69,0.73,0.83,0.93,1.27,1.11
Brunei Darussalam,Bovine Meat,Protein supply quantity (g/capita/day),7.93,5.92,8.56,8.58,3.79,4.07
Brunei Darussalam,Mutton & Goat Meat,Protein supply quantity (g/capita/day),0.03,0.12,0.21,0.23,0.35,0.67
Brunei Darussalam,Pigmeat,Protein supply quantity (g/capita/day),1.4,1.07,1.24,1.31,1.49,1.5
Brunei Darussalam,Poultry Meat,Protein supply quantity (g/capita/day),1.34,4.73,9.68,11.97,16.33,21.24
Brunei Darussalam,Meat,Protein supply quantity (g/capita/day),10.7,11.99,20.27,22.24,21.96,28.47
Brunei Darussalam,Offals,Protein supply quantity (g/capita/day),0.8,0.68,0.63,0.98,0.92,0.44
Bulgaria,Bovine Meat,Protein supply quantity (g/capita/day),2.69,3.46,4.76,4.74,4.32,1.7
Bulgaria,Mutton & Goat Meat,Protein supply quantity (g/capita/day),2.15,3.05,2.43,2.86,2.02,0.7
Bulgaria,Pigmeat,Protein supply quantity (g/capita/day),3.94,4.3,8.71,6.38,5.67,7.93
Bulgaria,Poultry Meat,Protein supply quantity (g/capita/day),1.49,3.71,5.19,4.01,7.18,8.11
Bulgaria,Meat,Protein supply quantity (g/capita/day),10.7,14.68,21.27,18.14,19.49,18.94
Bulgaria,Offals,Protein supply quantity (g/capita/day),1.6,1.26,3.2,3.97,3.51,2.33
Burkina Faso,Bovine Meat,Protein supply quantity (g/capita/day),1.2,1.92,1.16,2.66,2.34,3.15
Burkina Faso,Mutton & Goat Meat,Protein supply quantity (g/capita/day),0.74,1.03,0.83,1.32,1.34,1.33
Burkina Faso,Pigmeat,Protein supply quantity (g/capita/day),0.07,0.11,0.13,0.3,0.6,0.63
Burkina Faso,Poultry Meat,Protein supply quantity (g/capita/day),0.46,0.43,0.45,0.74,0.77,0.81
Burkina Faso,Meat,Protein supply quantity (g/capita/day),3.08,4.04,3.02,5.35,5.43,6.23
Burkina Faso,Offals,Protein supply quantity (g/capita/day),0.41,0.66,0.58,0.95,0.94,1.11
Cabo Verde,Bovine Meat,Protein supply quantity (g/capita/day),0.32,0.37,0.43,0.56,0.66,0.99
Cabo Verde,Mutton & Goat Meat,Protein supply quantity (g/capita/day),0.25,0.22,0.36,0.51,0.42,0.69
Cabo Verde,Pigmeat,Protein supply quantity (g/capita/day),0.47,0.91,1.21,3.52,4.99,3.52
Cabo Verde,Poultry Meat,Protein supply quantity (g/capita/day),0.06,0.12,0.36,0.55,2.1,6.64
Cabo Verde,Meat,Protein supply quantity (g/capita/day),1.1,1.61,2.37,5.14,8.21,11.94
Cabo Verde,Offals,Protein supply quantity (g/capita/day),0.15,0.18,0.23,0.45,0.53,0.54
Cambodia,Bovine Meat,Protein supply quantity (g/capita/day),0.98,1.51,0.89,1.71,2.19,2.03
Cambodia,Mutton & Goat Meat,Protein supply quantity (g/capita/day),0.0,0.0,0.0,0.0,0.0,0.0
Cambodia,Pigmeat,Protein supply quantity (g/capita/day),0.49,1.66,0.41,2.01,2.58,2.44
Cambodia,Poultry Meat,Protein supply quantity (g/capita/day),0.22,0.35,0.3,0.58,0.67,0.59
Cambodia,Meat,Protein supply quantity (g/capita/day),1.69,3.52,1.59,4.3,5.44,5.06
Cambodia,Offals,Protein supply quantity (g/capita/day),0.28,0.56,0.28,0.64,0.8,0.73
Cameroon,Bovine Meat,Protein supply quantity (g/capita/day),1.66,2.03,1.95,2.49,2.34,1.67
Cameroon,Mutton & Goat Meat,Protein supply quantity (g/capita/day),0.61,0.7,0.59,0.84,0.77,0.65
Cameroon,Pigmeat,Protein supply quantity (g/capita/day),0.18,0.27,0.46,0.39,0.33,0.62
Cameroon,Poultry Meat,Protein supply quantity (g/capita/day),0.18,0.39,0.25,0.49,0.78,1.12
Cameroon,Meat,Protein supply quantity (g/capita/day),4.93,5.49,5.11,5.93,5.82,5.62
Cameroon,Offals,Protein supply quantity (g/capita/day),0.49,0.56,0.59,0.7,0.67,0.6
Canada,Bovine Meat,Protein supply quantity (g/capita/day),13.73,16.05,15.57,13.15,12.25,11.02
Canada,Mutton & Goat Meat,Protein supply quantity (g/capita/day),0.59,0.47,0.25,0.3,0.36,0.37
Canada,Pigmeat,Protein supply quantity (g/capita/day),7.04,8.75,8.93,7.35,8.26,6.6
Canada,Poultry Meat,Protein supply quantity (g/capita/day),5.06,7.18,7.91,10.02,13.1,13.25
Canada,"Meat, Aquatic Mammals",Protein supply quantity (g/capita/day),0.0,0.0,0.0,0.0,0.0,0.0
Canada,Meat,Protein supply quantity (g/capita/day),26.54,32.56,32.74,30.84,34.02,31.29
Canada,Offals,Protein supply quantity (g/capita/day),1.06,1.02,0.34,0.89,0.61,0.44
Central African Republic,Bovine Meat,Protein supply quantity (g/capita/day),2.45,3.15,4.04,5.67,7.24,7.94
Central African Republic,Mutton & Goat Meat,Protein supply quantity (g/capita/day),0.43,0.46,0.57,0.76,1.19,2.02
Central African Republic,Pigmeat,Protein supply quantity (g/capita/day),0.1,0.27,0.78,0.86,1.07,1.27
Central African Republic,Poultry Meat,Protein supply quantity (g/capita/day),0.11,0.14,0.24,0.28,0.3,0.46
Central African Republic,Meat,Protein supply quantity (g/capita/day),6.39,7.05,8.4,10.58,12.77,15.11
Central African Republic,Offals,Protein supply quantity (g/capita/day),0.53,0.69,0.96,1.27,1.41,1.69
Chad,Bovine Meat,Protein supply quantity (g/capita/day),3.08,1.96,3.39,5.11,3.71,3.35
Chad,Mutton & Goat Meat,Protein supply quantity (g/capita/day),1.21,1.28,1.71,1.2,1.48,1.38
Chad,Pigmeat,Protein supply quantity (g/capita/day),0.01,0.01,0.01,0.01,0.02,0.02
Chad,Poultry Meat,Protein supply quantity (g/capita/day),0.15,0.19,0.22,0.21,0.18,0.15
Chad,Meat,Protein supply quantity (g/capita/day),4.97,3.88,5.7,6.86,5.67,5.13
Chad,Offals,Protein supply quantity (g/capita/day),1.11,1.01,1.09,1.16,1.15,1.04
Chile,Bovine Meat,Protein supply quantity (g/capita/day),6.99,6.28,6.04,6.33,7.23,7.34
Chile,Mutton & Goat Meat,Protein supply quantity (g/capita/day),1.25,1.16,0.5,0.37,0.26,0.22
Chile,Pigmeat,Protein supply quantity (g/capita/day),1.14,1.43,1.56,2.76,5.18,6.91
Chile,Poultry Meat,Protein supply quantity (g/capita/day),0.8,1.52,3.69,3.12,9.38,12.16
Chile,"Meat, Aquatic Mammals",Protein supply quantity (g/capita/day),0.0,0.0,0.0,0.0,0.0,0.0
Chile,Meat,Protein supply quantity (g/capita/day),10.28,10.54,11.98,12.77,22.19,26.73
Chile,Offals,Protein supply quantity (g/capita/day),1.61,1.34,1.33,1.62,1.25,0.35
China,Bovine Meat,Protein supply quantity (g/capita/day),0.04,0.1,0.13,0.41,1.47,1.81
China,Mutton & Goat Meat,Protein supply quantity (g/capita/day),0.06,0.1,0.18,0.37,0.77,1.09
China,Pigmeat,Protein supply quantity (g/capita/day),0.71,2.46,3.72,6.17,8.56,10.83
China,Poultry Meat,Protein supply quantity (g/capita/day),0.33,0.39,0.55,1.24,3.18,4.21
China,Meat,Protein supply quantity (g/capita/day),1.2,3.12,4.67,8.31,14.3,18.52
China,Offals,Protein supply quantity (g/capita/day),0.09,0.27,0.35,0.68,1.27,1.75
"China, Hong Kong SAR",Bovine Meat,Protein supply quantity (g/capita/day),2.47,4.41,4.39,5.53,4.63,8.05
"China, Hong Kong SAR",Mutton & Goat Meat,Protein supply quantity (g/capita/day),0.07,0.17,0.2,0.19,0.26,0.73
"China, Hong Kong SAR",Pigmeat,Protein supply quantity (g/capita/day),4.6,10.59,12.03,12.76,14.7,15.95
"China, Hong Kong SAR",Poultry Meat,Protein supply quantity (g/capita/day),2.7,5.19,7.58,11.69,15.06,23.21
"China, Hong Kong SAR",Meat,Protein supply quantity (g/capita/day),12.37,21.19,26.9,31.43,35.64,49.32
"China, Hong Kong SAR",Offals,Protein supply quantity (g/capita/day),1.73,4.28,4.25,3.56,5.57,14.4
"China, Macao SAR",Bovine Meat,Protein supply quantity (g/capita/day),1.41,2.15,3.34,4.12,2.73,5.23
"China, Macao SAR",Mutton & Goat Meat,Protein supply quantity (g/capita/day),0.0,0.0,0.18,0.17,0.24,0.36
"China, Macao SAR",Pigmeat,Protein supply quantity (g/capita/day),3.29,5.44,11.88,11.0,13.07,14.22
"China, Macao SAR",Poultry Meat,Protein supply quantity (g/capita/day),3.57,3.37,7.13,8.0,7.78,12.14
"China, Macao SAR",Meat,Protein supply quantity (g/capita/day),10.66,15.61,25.39,24.49,24.68,32.35
"China, Macao SAR",Offals,Protein supply quantity (g/capita/day),0.81,1.0,1.52,2.52,1.86,2.93
"China, mainland",Bovine Meat,Protein supply quantity (g/capita/day),0.03,0.07,0.1,0.37,1.45,1.77
"China, mainland",Mutton & Goat Meat,Protein supply quantity (g/capita/day),0.06,0.11,0.18,0.38,0.78,1.1
"China, mainland",Pigmeat,Protein supply quantity (g/capita/day),0.62,2.32,3.57,6.03,8.44,10.78
"China, mainland",Poultry Meat,Protein supply quantity (g/capita/day),0.3,0.33,0.43,1.07,2.99,3.99
"China, mainland",Meat,Protein supply quantity (g/capita/day),1.05,2.9,4.36,7.96,13.99,18.24
"China, mainland",Offals,Protein supply quantity (g/capita/day),0.08,0.24,0.32,0.65,1.24,1.68
"China, Taiwan Province of",Bovine Meat,Protein supply quantity (g/capita/day),0.12,0.19,0.51,1.2,1.41,2.12
"China, Taiwan Province of",Mutton & Goat Meat,Protein supply quantity (g/capita/day),0.01,0.01,0.07,0.28,0.42,0.37
"China, Taiwan Province of",Pigmeat,Protein supply quantity (g/capita/day),5.03,7.94,9.48,12.36,13.12,11.75
"China, Taiwan Province of",Poultry Meat,Protein supply quantity (g/capita/day),1.42,1.94,4.88,7.61,10.74,11.3
"China, Taiwan Province of",Meat,Protein supply quantity (g/capita/day),6.57,10.07,14.96,21.46,25.71,25.57
"China, Taiwan Province of",Offals,Protein supply quantity (g/capita/day),0.42,0.58,0.95,1.51,1.63,1.61
Colombia,Bovine Meat,Protein supply quantity (g/capita/day),7.42,7.58,8.16,7.42,6.41,6.46
Colombia,Mutton & Goat Meat,Protein supply quantity (g/capita/day),0.13,0.17,0.17,0.13,0.13,0.09
Colombia,Pigmeat,Protein supply quantity (g/capita/day),1.44,1.02,1.21,1.24,0.81,1.58
Colombia,Poultry Meat,Protein supply quantity (g/capita/day),0.54,0.6,1.18,3.38,4.71,7.22
Colombia,Meat,Protein supply quantity (g/capita/day),9.62,9.52,10.84,12.31,12.15,15.42
Colombia,Offals,Protein supply quantity (g/capita/day),1.77,1.87,2.02,1.86,1.49,1.48
Congo,Bovine Meat,Protein supply quantity (g/capita/day),1.16,1.63,1.62,3.65,0.34,1.13
Congo,Mutton & Goat Meat,Protein supply quantity (g/capita/day),0.09,0.08,0.13,0.19,0.13,0.15
Congo,Pigmeat,Protein supply quantity (g/capita/day),0.38,0.4,0.19,0.5,0.69,0.67
Congo,Poultry Meat,Protein supply quantity (g/capita/day),0.34,0.31,0.88,2.1,1.46,7.72
Congo,Meat,Protein supply quantity (g/capita/day),5.31,5.39,5.57,8.7,5.06,14.46
Congo,Offals,Protein supply quantity (g/capita/day),0.08,0.1,0.19,0.42,0.64,1.47
Costa Rica,Bovine Meat,Protein supply quantity (g/capita/day),7.41,6.58,7.4,8.59,6.3,7.25
Costa Rica,Mutton & Goat Meat,Protein supply quantity (g/capita/day),0.0,0.0,0.0,0.0,0.0,0.01
Costa Rica,Pigmeat,Protein supply quantity (g/capita/day),0.96,1.12,0.96,1.35,2.18,2.59
Costa Rica,Poultry Meat,Protein supply quantity (g/capita/day),0.33,0.45,1.33,4.37,5.58,6.27
Costa Rica,Meat,Protein supply quantity (g/capita/day),8.71,8.16,9.69,14.31,14.08,16.11
Costa Rica,Offals,Protein supply quantity (g/capita/day),1.1,1.41,1.66,1.64,1.11,0.8
C�te d'Ivoire,Bovine Meat,Protein supply quantity (g/capita/day),1.77,3.17,2.47,2.42,0.84,0.76
C�te d'Ivoire,Mutton & Goat Meat,Protein supply quantity (g/capita/day),0.6,0.66,0.53,0.32,0.25,0.27
C�te d'Ivoire,Pigmeat,Protein supply quantity (g/capita/day),0.19,0.28,0.35,0.3,0.14,0.29
C�te d'Ivoire,Poultry Meat,Protein supply quantity (g/capita/day),0.4,0.38,0.86,0.65,0.49,0.61
C�te d'Ivoire,Meat,Protein supply quantity (g/capita/day),9.69,10.71,9.28,8.21,5.5,6.16
C�te d'Ivoire,Offals,Protein supply quantity (g/capita/day),0.66,1.08,0.77,0.59,0.84,1.5
Cuba,Bovine Meat,Protein supply quantity (g/capita/day),7.46,8.12,5.51,3.22,2.7,2.38
Cuba,Mutton & Goat Meat,Protein supply quantity (g/capita/day),0.07,0.06,0.07,0.24,0.32,0.53
Cuba,Pigmeat,Protein supply quantity (g/capita/day),1.18,1.36,1.73,2.71,2.8,5.69
Cuba,Poultry Meat,Protein supply quantity (g/capita/day),0.9,1.41,3.24,4.19,3.61,5.16
Cuba,Meat,Protein supply quantity (g/capita/day),11.56,12.86,13.05,11.44,9.47,17.23
Cuba,Offals,Protein supply quantity (g/capita/day),1.8,1.96,1.48,1.27,1.02,0.9
Cyprus,Bovine Meat,Protein supply quantity (g/capita/day),4.43,4.1,3.5,3.81,2.1,2.75
Cyprus,Mutton & Goat Meat,Protein supply quantity (g/capita/day),2.63,6.33,3.43,3.67,4.72,2.12
Cyprus,Pigmeat,Protein supply quantity (g/capita/day),1.01,3.84,4.73,7.83,9.14,9.29
Cyprus,Poultry Meat,Protein supply quantity (g/capita/day),1.66,4.8,4.39,7.61,10.65,9.73
Cyprus,Meat,Protein supply quantity (g/capita/day),10.1,19.46,17.44,23.96,27.43,25.04
Cyprus,Offals,Protein supply quantity (g/capita/day),0.83,1.77,1.38,2.01,1.83,1.31
Democratic People's Republic of Korea,Bovine Meat,Protein supply quantity (g/capita/day),0.65,0.57,0.68,0.58,0.35,0.33
Democratic People's Republic of Korea,Mutton & Goat Meat,Protein supply quantity (g/capita/day),0.03,0.06,0.08,0.11,0.21,0.27
Democratic People's Republic of Korea,Pigmeat,Protein supply quantity (g/capita/day),1.28,1.85,3.02,3.82,1.93,1.38
Democratic People's Republic of Korea,Poultry Meat,Protein supply quantity (g/capita/day),0.48,0.48,0.68,0.88,0.51,0.54
Democratic People's Republic of Korea,Meat,Protein supply quantity (g/capita/day),2.43,2.95,4.45,5.38,4.84,5.35
Democratic People's Republic of Korea,Offals,Protein supply quantity (g/capita/day),0.32,0.39,0.57,0.61,0.37,0.31
Denmark,Bovine Meat,Protein supply quantity (g/capita/day),5.91,6.9,4.92,7.12,8.63,10.47
Denmark,Mutton & Goat Meat,Protein supply quantity (g/capita/day),0.1,0.12,0.17,0.34,0.38,0.33
Denmark,Pigmeat,Protein supply quantity (g/capita/day),9.16,7.96,13.27,16.78,6.51,5.56
Denmark,Poultry Meat,Protein supply quantity (g/capita/day),2.75,1.89,3.51,5.47,8.18,10.25
Denmark,Meat,Protein supply quantity (g/capita/day),18.51,17.15,22.06,30.09,24.08,27.02
Denmark,Offals,Protein supply quantity (g/capita/day),0.4,1.11,1.12,6.15,9.7,3.12
Djibouti,Bovine Meat,Protein supply quantity (g/capita/day),1.0,1.05,2.22,2.02,3.32,3.3
Djibouti,Mutton & Goat Meat,Protein supply quantity (g/capita/day),9.68,7.57,3.46,2.77,2.41,2.02
Djibouti,Pigmeat,Protein supply quantity (g/capita/day),0.0,0.0,0.34,0.07,0.02,0.04
Djibouti,Poultry Meat,Protein supply quantity (g/capita/day),0.0,0.0,0.31,0.13,0.19,0.28
Djibouti,Meat,Protein supply quantity (g/capita/day),11.74,9.34,7.4,5.37,6.25,5.94
Djibouti,Offals,Protein supply quantity (g/capita/day),2.43,1.96,1.23,1.09,1.31,1.69
Dominica,Bovine Meat,Protein supply quantity (g/capita/day),1.84,1.41,1.35,3.36,3.64,3.67
Dominica,Mutton & Goat Meat,Protein supply quantity (g/capita/day),0.49,0.46,0.37,0.54,0.82,0.66
Dominica,Pigmeat,Protein supply quantity (g/capita/day),2.83,2.78,3.03,2.97,4.93,4.01
Dominica,Poultry Meat,Protein supply quantity (g/capita/day),0.9,3.31,5.74,9.49,13.5,10.23
Dominica,Meat,Protein supply quantity (g/capita/day),7.37,10.92,10.52,18.44,22.9,18.56
Dominica,Offals,Protein supply quantity (g/capita/day),0.45,0.23,0.37,1.04,1.92,1.62
Dominican Republic,Bovine Meat,Protein supply quantity (g/capita/day),2.6,2.46,3.06,3.67,3.07,3.91
Dominican Republic,Mutton & Goat Meat,Protein supply quantity (g/capita/day),0.11,0.13,0.15,0.11,0.06,0.09
Dominican Republic,Pigmeat,Protein supply quantity (g/capita/day),0.7,0.81,0.35,1.32,1.9,3.02
Dominican Republic,Poultry Meat,Protein supply quantity (g/capita/day),1.64,1.91,3.23,4.57,6.92,8.37
Dominican Republic,Meat,Protein supply quantity (g/capita/day),5.06,5.31,6.93,9.68,11.97,15.4
Dominican Republic,Offals,Protein supply quantity (g/capita/day),0.91,0.78,1.15,0.91,1.02,1.12
Ecuador,Bovine Meat,Protein supply quantity (g/capita/day),3.03,3.32,3.56,4.16,5.6,6.73
Ecuador,Mutton & Goat Meat,Protein supply quantity (g/capita/day),0.55,0.48,0.27,0.18,0.35,0.17
Ecuador,Pigmeat,Protein supply quantity (g/capita/day),1.74,1.32,1.76,1.98,2.96,3.69
Ecuador,Poultry Meat,Protein supply quantity (g/capita/day),0.32,0.54,0.98,2.34,5.09,6.98
Ecuador,Meat,Protein supply quantity (g/capita/day),5.99,5.94,6.8,9.04,14.3,17.85
Ecuador,Offals,Protein supply quantity (g/capita/day),0.92,0.93,0.99,1.31,1.6,1.8
Egypt,Bovine Meat,Protein supply quantity (g/capita/day),2.18,2.25,2.8,3.02,2.95,4.93
Egypt,Mutton & Goat Meat,Protein supply quantity (g/capita/day),0.52,0.54,0.5,0.51,0.46,0.64
Egypt,Pigmeat,Protein supply quantity (g/capita/day),0.01,0.01,0.02,0.01,0.01,0.0
Egypt,Poultry Meat,Protein supply quantity (g/capita/day),0.82,0.79,1.63,1.7,3.16,4.04
Egypt,Meat,Protein supply quantity (g/capita/day),3.93,3.91,5.36,5.96,7.39,10.25
Egypt,Offals,Protein supply quantity (g/capita/day),0.54,0.54,0.67,0.8,0.79,0.93
El Salvador,Bovine Meat,Protein supply quantity (g/capita/day),3.01,2.4,2.11,1.97,3.34,3.18
El Salvador,Mutton & Goat Meat,Protein supply quantity (g/capita/day),0.01,0.01,0.01,0.01,0.01,0.01
El Salvador,Pigmeat,Protein supply quantity (g/capita/day),1.09,0.76,0.76,0.55,0.53,0.66
El Salvador,Poultry Meat,Protein supply quantity (g/capita/day),0.29,0.33,1.0,1.94,3.91,5.44
El Salvador,Meat,Protein supply quantity (g/capita/day),4.41,3.5,3.88,4.48,7.81,9.29
El Salvador,Offals,Protein supply quantity (g/capita/day),0.74,0.56,0.5,0.44,0.59,0.46
Fiji,Bovine Meat,Protein supply quantity (g/capita/day),2.96,4.24,5.84,6.24,4.46,3.79
Fiji,Mutton & Goat Meat,Protein supply quantity (g/capita/day),1.08,1.29,2.32,4.99,4.46,1.94
Fiji,Pigmeat,Protein supply quantity (g/capita/day),0.5,0.88,1.08,1.28,1.41,1.4
Fiji,Poultry Meat,Protein supply quantity (g/capita/day),0.15,0.71,1.59,2.68,4.12,8.27
Fiji,Meat,Protein supply quantity (g/capita/day),5.04,7.33,11.25,15.18,14.5,15.45
Fiji,Offals,Protein supply quantity (g/capita/day),0.59,0.91,1.12,1.29,2.09,1.57
Finland,Bovine Meat,Protein supply quantity (g/capita/day),7.31,8.73,8.96,8.33,7.52,7.88
Finland,Mutton & Goat Meat,Protein supply quantity (g/capita/day),0.17,0.12,0.06,0.09,0.09,0.19
Finland,Pigmeat,Protein supply quantity (g/capita/day),3.62,5.84,7.56,8.41,8.14,9.03
Finland,Poultry Meat,Protein supply quantity (g/capita/day),0.59,0.73,1.42,3.2,6.41,7.5
Finland,Meat,Protein supply quantity (g/capita/day),12.21,15.92,18.26,20.49,22.56,25.56
Finland,Offals,Protein supply quantity (g/capita/day),1.48,2.27,2.56,1.85,0.77,0.74
France,Bovine Meat,Protein supply quantity (g/capita/day),11.28,11.73,12.47,13.6,10.85,10.01
France,Mutton & Goat Meat,Protein supply quantity (g/capita/day),0.79,1.05,1.44,1.52,1.19,1.14
France,Pigmeat,Protein supply quantity (g/capita/day),6.64,8.1,9.11,8.73,9.68,8.77
France,Poultry Meat,Protein supply quantity (g/capita/day),4.38,4.78,6.64,8.66,10.82,9.01
France,Meat,Protein supply quantity (g/capita/day),27.27,30.8,34.46,35.51,35.2,30.59
France,Offals,Protein supply quantity (g/capita/day),3.65,4.54,5.48,5.07,4.55,3.17
French Polynesia,Bovine Meat,Protein supply quantity (g/capita/day),6.9,8.96,4.13,13.71,13.85,13.72
French Polynesia,Mutton & Goat Meat,Protein supply quantity (g/capita/day),0.34,0.24,1.39,2.14,1.98,1.23
French Polynesia,Pigmeat,Protein supply quantity (g/capita/day),2.47,2.43,2.27,3.72,3.8,4.19
French Polynesia,Poultry Meat,Protein supply quantity (g/capita/day),0.85,4.28,6.22,9.89,14.29,16.43
French Polynesia,Meat,Protein supply quantity (g/capita/day),10.55,16.27,19.56,31.75,35.65,37.22
French Polynesia,Offals,Protein supply quantity (g/capita/day),2.5,1.39,1.28,1.45,2.0,2.0
Gabon,Bovine Meat,Protein supply quantity (g/capita/day),3.63,3.72,6.77,8.02,3.98,2.28
Gabon,Mutton & Goat Meat,Protein supply quantity (g/capita/day),0.2,0.2,0.55,0.62,0.46,0.53
Gabon,Pigmeat,Protein supply quantity (g/capita/day),0.78,0.87,1.01,1.59,2.21,1.9
Gabon,Poultry Meat,Protein supply quantity (g/capita/day),0.17,0.28,2.75,3.35,4.73,11.84
Gabon,Meat,Protein supply quantity (g/capita/day),20.51,21.84,24.34,23.81,20.32,25.69
Gabon,Offals,Protein supply quantity (g/capita/day),0.22,0.25,2.31,1.35,2.43,2.24
Gambia,Bovine Meat,Protein supply quantity (g/capita/day),2.33,3.3,2.28,3.12,1.0,0.91
Gambia,Mutton & Goat Meat,Protein supply quantity (g/capita/day),0.79,0.65,0.64,0.4,0.32,0.36
Gambia,Pigmeat,Protein supply quantity (g/capita/day),0.09,0.17,0.18,0.18,0.09,0.1
Gambia,Poultry Meat,Protein supply quantity (g/capita/day),0.18,0.22,0.23,0.33,0.47,1.5
Gambia,Meat,Protein supply quantity (g/capita/day),4.18,5.15,4.12,4.53,2.45,3.24
Gambia,Offals,Protein supply quantity (g/capita/day),0.75,0.95,0.66,0.42,0.32,0.31
Germany,Bovine Meat,Protein supply quantity (g/capita/day),7.06,8.25,8.14,7.47,3.76,4.78
Germany,Mutton & Goat Meat,Protein supply quantity (g/capita/day),0.26,0.14,0.28,0.3,0.32,0.3
Germany,Pigmeat,Protein supply quantity (g/capita/day),10.69,13.8,17.26,14.71,14.1,14.72
Germany,Poultry Meat,Protein supply quantity (g/capita/day),1.97,3.14,3.83,4.61,5.75,7.37
Germany,Meat,Protein supply quantity (g/capita/day),20.42,25.94,30.1,27.51,26.93,28.44
Germany,Offals,Protein supply quantity (g/capita/day),1.95,2.2,2.72,2.71,1.43,0.49
Ghana,Bovine Meat,Protein supply quantity (g/capita/day),1.86,1.3,0.66,1.28,0.53,0.49
Ghana,Mutton & Goat Meat,Protein supply quantity (g/capita/day),0.45,0.41,0.36,0.29,0.42,0.7
Ghana,Pigmeat,Protein supply quantity (g/capita/day),0.33,0.26,0.27,0.28,0.2,0.34
Ghana,Poultry Meat,Protein supply quantity (g/capita/day),0.25,0.32,0.25,0.39,0.53,2.49
Ghana,Meat,Protein supply quantity (g/capita/day),4.72,4.26,4.76,5.21,4.22,6.32
Ghana,Offals,Protein supply quantity (g/capita/day),0.47,0.38,0.24,0.25,0.23,0.73
Greece,Bovine Meat,Protein supply quantity (g/capita/day),1.87,5.68,5.66,7.25,8.06,6.39
Greece,Mutton & Goat Meat,Protein supply quantity (g/capita/day),3.37,6.21,4.8,5.38,4.61,4.98
Greece,Pigmeat,Protein supply quantity (g/capita/day),1.06,1.84,4.27,4.58,8.55,7.62
Greece,Poultry Meat,Protein supply quantity (g/capita/day),0.6,3.79,5.6,6.39,6.64,5.49
Greece,Meat,Protein supply quantity (g/capita/day),7.28,17.96,20.86,24.11,28.67,25.35
Greece,Offals,Protein supply quantity (g/capita/day),1.03,1.5,1.66,1.85,1.36,1.22
Grenada,Bovine Meat,Protein supply quantity (g/capita/day),1.69,2.62,3.13,2.83,2.2,2.4
Grenada,Mutton & Goat Meat,Protein supply quantity (g/capita/day),0.09,0.26,0.3,0.43,0.59,0.57
Grenada,Pigmeat,Protein supply quantity (g/capita/day),0.75,1.72,1.35,2.37,2.74,3.18
Grenada,Poultry Meat,Protein supply quantity (g/capita/day),0.87,2.74,6.74,7.05,9.02,13.86
Grenada,Meat,Protein supply quantity (g/capita/day),4.28,9.53,12.58,15.15,15.36,20.59
Grenada,Offals,Protein supply quantity (g/capita/day),0.24,0.32,0.21,0.23,0.43,0.76
Guatemala,Bovine Meat,Protein supply quantity (g/capita/day),3.68,2.92,0.79,1.25,2.65,2.44
Guatemala,Mutton & Goat Meat,Protein supply quantity (g/capita/day),0.31,0.21,0.1,0.11,0.05,0.09
Guatemala,Pigmeat,Protein supply quantity (g/capita/day),0.72,0.63,0.64,0.65,1.04,1.34
Guatemala,Poultry Meat,Protein supply quantity (g/capita/day),0.32,0.45,1.51,2.18,3.84,4.94
Guatemala,Meat,Protein supply quantity (g/capita/day),5.12,4.3,3.13,4.29,7.74,8.93
Guatemala,Offals,Protein supply quantity (g/capita/day),0.64,0.72,0.54,0.43,0.48,0.5
Guinea,Bovine Meat,Protein supply quantity (g/capita/day),1.12,1.03,1.08,1.17,1.55,2.37
Guinea,Mutton & Goat Meat,Protein supply quantity (g/capita/day),0.19,0.18,0.21,0.23,0.36,0.57
Guinea,Pigmeat,Protein supply quantity (g/capita/day),0.04,0.07,0.13,0.05,0.06,0.05
Guinea,Poultry Meat,Protein supply quantity (g/capita/day),0.08,0.08,0.13,0.15,0.19,0.59
Guinea,Meat,Protein supply quantity (g/capita/day),1.84,1.75,1.98,1.93,2.48,3.85
Guinea,Offals,Protein supply quantity (g/capita/day),0.29,0.27,0.3,0.29,0.41,0.7
Guinea-Bissau,Bovine Meat,Protein supply quantity (g/capita/day),1.17,1.21,1.14,1.53,1.63,1.61
Guinea-Bissau,Mutton & Goat Meat,Protein supply quantity (g/capita/day),0.37,0.35,0.45,0.45,0.48,0.57
Guinea-Bissau,Pigmeat,Protein supply quantity (g/capita/day),2.55,2.59,3.1,2.74,2.64,2.95
Guinea-Bissau,Poultry Meat,Protein supply quantity (g/capita/day),0.08,0.19,0.14,0.25,0.49,0.69
Guinea-Bissau,Meat,Protein supply quantity (g/capita/day),4.16,4.35,4.83,4.97,5.24,5.83
Guinea-Bissau,Offals,Protein supply quantity (g/capita/day),0.56,0.53,0.61,0.64,0.65,0.74
Guyana,Bovine Meat,Protein supply quantity (g/capita/day),3.79,3.75,1.02,1.59,1.18,1.17
Guyana,Mutton & Goat Meat,Protein supply quantity (g/capita/day),0.21,0.29,0.34,0.42,0.41,0.41
Guyana,Pigmeat,Protein supply quantity (g/capita/day),0.65,0.78,0.6,0.42,0.47,0.36
Guyana,Poultry Meat,Protein supply quantity (g/capita/day),1.02,2.88,4.22,1.98,8.13,11.42
Guyana,Meat,Protein supply quantity (g/capita/day),5.96,7.93,6.19,4.41,10.19,13.43
Guyana,Offals,Protein supply quantity (g/capita/day),0.55,0.67,0.4,0.47,0.37,0.33
Haiti,Bovine Meat,Protein supply quantity (g/capita/day),1.31,1.47,1.7,1.31,1.77,1.79
Haiti,Mutton & Goat Meat,Protein supply quantity (g/capita/day),0.44,0.44,0.32,0.3,0.41,0.31
Haiti,Pigmeat,Protein supply quantity (g/capita/day),1.37,1.66,0.84,0.7,1.32,1.3
Haiti,Poultry Meat,Protein supply quantity (g/capita/day),0.19,0.22,0.33,0.27,0.86,2.26
Haiti,Meat,Protein supply quantity (g/capita/day),3.74,4.36,3.9,3.1,4.85,6.16
Haiti,Offals,Protein supply quantity (g/capita/day),0.39,0.45,0.42,0.44,0.88,0.74
Honduras,Bovine Meat,Protein supply quantity (g/capita/day),3.14,3.04,3.7,2.38,3.86,3.36
Honduras,Mutton & Goat Meat,Protein supply quantity (g/capita/day),0.04,0.02,0.02,0.02,0.02,0.01
Honduras,Pigmeat,Protein supply quantity (g/capita/day),1.13,1.14,1.03,0.8,0.93,1.59
Honduras,Poultry Meat,Protein supply quantity (g/capita/day),0.39,0.57,0.82,1.98,3.75,6.83
Honduras,Meat,Protein supply quantity (g/capita/day),4.71,4.77,5.57,5.17,8.63,11.8
Honduras,Offals,Protein supply quantity (g/capita/day),0.7,0.96,1.11,0.68,0.64,0.51
Hungary,Bovine Meat,Protein supply quantity (g/capita/day),6.27,6.26,6.04,5.13,2.92,1.83
Hungary,Mutton & Goat Meat,Protein supply quantity (g/capita/day),0.32,0.15,0.16,0.15,0.06,0.05
Hungary,Pigmeat,Protein supply quantity (g/capita/day),10.7,13.52,17.44,16.08,10.54,11.31
Hungary,Poultry Meat,Protein supply quantity (g/capita/day),3.56,5.02,7.01,7.71,13.61,9.7
Hungary,Meat,Protein supply quantity (g/capita/day),21.35,25.38,31.19,29.23,27.65,23.38
Hungary,Offals,Protein supply quantity (g/capita/day),1.28,1.5,1.6,1.63,1.47,0.56
Iceland,Bovine Meat,Protein supply quantity (g/capita/day),3.75,3.27,4.22,4.71,5.2,5.22
Iceland,Mutton & Goat Meat,Protein supply quantity (g/capita/day),20.75,15.56,17.17,9.56,8.59,7.34
Iceland,Pigmeat,Protein supply quantity (g/capita/day),0.37,0.5,1.27,2.65,4.91,5.28
Iceland,Poultry Meat,Protein supply quantity (g/capita/day),0.57,0.65,1.35,2.46,5.52,9.94
Iceland,Meat,Protein supply quantity (g/capita/day),30.12,23.27,27.73,24.59,29.5,32.12
Iceland,Offals,Protein supply quantity (g/capita/day),4.71,3.55,4.04,3.65,3.14,2.25
India,Bovine Meat,Protein supply quantity (g/capita/day),0.83,0.84,0.85,0.84,0.68,0.45
India,Mutton & Goat Meat,Protein supply quantity (g/capita/day),0.31,0.26,0.26,0.27,0.26,0.24
India,Pigmeat,Protein supply quantity (g/capita/day),0.1,0.1,0.12,0.14,0.13,0.09
India,Poultry Meat,Protein supply quantity (g/capita/day),0.06,0.05,0.06,0.2,0.3,0.62
India,Meat,Protein supply quantity (g/capita/day),1.34,1.32,1.35,1.52,1.44,1.47
India,Offals,Protein supply quantity (g/capita/day),0.25,0.25,0.25,0.24,0.22,0.2
Indonesia,Bovine Meat,Protein supply quantity (g/capita/day),0.61,0.62,0.66,0.63,0.7,0.92
Indonesia,Mutton & Goat Meat,Protein supply quantity (g/capita/day),0.15,0.13,0.15,0.2,0.17,0.18
Indonesia,Pigmeat,Protein supply quantity (g/capita/day),0.31,0.39,0.42,0.96,0.6,0.9
Indonesia,Poultry Meat,Protein supply quantity (g/capita/day),0.2,0.2,0.42,1.08,1.46,2.34
Indonesia,Meat,Protein supply quantity (g/capita/day),1.27,1.34,1.66,2.88,2.93,4.35
Indonesia,Offals,Protein supply quantity (g/capita/day),0.3,0.3,0.35,0.57,0.63,0.91
Iran (Islamic Republic of),Bovine Meat,Protein supply quantity (g/capita/day),1.62,1.6,2.29,2.09,2.01,2.38
Iran (Islamic Republic of),Mutton & Goat Meat,Protein supply quantity (g/capita/day),2.99,2.57,3.38,2.75,2.56,1.38
Iran (Islamic Republic of),Pigmeat,Protein supply quantity (g/capita/day),0.02,0.01,0.0,0.0,0.0,0.0
Iran (Islamic Republic of),Poultry Meat,Protein supply quantity (g/capita/day),0.67,1.24,2.51,2.67,4.73,9.24
Iran (Islamic Republic of),Meat,Protein supply quantity (g/capita/day),5.6,5.68,8.37,7.73,9.46,13.12
Iran (Islamic Republic of),Offals,Protein supply quantity (g/capita/day),1.08,0.96,0.96,0.98,1.03,0.66
Iraq,Bovine Meat,Protein supply quantity (g/capita/day),1.96,1.7,2.14,1.11,0.79,0.99
Iraq,Mutton & Goat Meat,Protein supply quantity (g/capita/day),2.43,1.67,1.75,0.47,0.38,0.68
Iraq,Pigmeat,Protein supply quantity (g/capita/day),0.0,0.0,0.0,0.0,0.0,0.0
Iraq,Poultry Meat,Protein supply quantity (g/capita/day),0.19,0.72,3.64,0.38,1.21,5.14
Iraq,Meat,Protein supply quantity (g/capita/day),4.84,4.31,7.6,1.97,2.38,6.82
Iraq,Offals,Protein supply quantity (g/capita/day),1.08,0.86,0.62,0.26,0.26,0.19
Ireland,Bovine Meat,Protein supply quantity (g/capita/day),6.5,8.84,10.95,9.39,9.79,9.18
Ireland,Mutton & Goat Meat,Protein supply quantity (g/capita/day),3.61,3.79,2.75,3.13,1.08,0.96
Ireland,Pigmeat,Protein supply quantity (g/capita/day),6.14,7.98,8.09,9.17,9.97,8.0
Ireland,Poultry Meat,Protein supply quantity (g/capita/day),2.05,4.52,6.22,10.36,11.52,8.92
Ireland,Meat,Protein supply quantity (g/capita/day),18.94,25.21,28.11,32.12,33.95,27.33
Ireland,Offals,Protein supply quantity (g/capita/day),5.55,6.8,5.15,6.57,6.64,2.54
Israel,Bovine Meat,Protein supply quantity (g/capita/day),3.2,7.93,6.15,7.09,8.59,11.18
Israel,Mutton & Goat Meat,Protein supply quantity (g/capita/day),0.41,0.48,0.37,0.46,0.54,0.77
Israel,Pigmeat,Protein supply quantity (g/capita/day),0.46,0.47,0.64,0.53,0.68,0.65
Israel,Poultry Meat,Protein supply quantity (g/capita/day),7.97,12.59,15.47,17.3,28.61,27.56
Israel,Meat,Protein supply quantity (g/capita/day),12.1,21.5,22.64,25.39,38.42,40.17
Israel,Offals,Protein supply quantity (g/capita/day),1.66,2.53,2.72,2.6,3.34,3.8
Italy,Bovine Meat,Protein supply quantity (g/capita/day),6.08,10.68,10.55,11.25,9.75,8.7
Italy,Mutton & Goat Meat,Protein supply quantity (g/capita/day),0.28,0.38,0.48,0.61,0.53,0.4
Italy,Pigmeat,Protein supply quantity (g/capita/day),1.96,3.7,6.62,8.81,10.4,10.48
Italy,Poultry Meat,Protein supply quantity (g/capita/day),2.19,5.0,7.48,8.07,7.58,7.49
Italy,Meat,Protein supply quantity (g/capita/day),11.43,21.17,27.32,31.21,31.17,29.66
Italy,Offals,Protein supply quantity (g/capita/day),1.01,1.52,1.72,1.91,1.84,1.3
Jamaica,Bovine Meat,Protein supply quantity (g/capita/day),4.0,3.99,3.41,3.39,2.65,2.47
Jamaica,Mutton & Goat Meat,Protein supply quantity (g/capita/day),0.83,0.91,0.18,0.27,0.61,0.61
Jamaica,Pigmeat,Protein supply quantity (g/capita/day),0.85,0.8,0.79,0.4,0.68,0.84
Jamaica,Poultry Meat,Protein supply quantity (g/capita/day),0.72,4.28,7.4,9.7,13.12,15.44
Jamaica,Meat,Protein supply quantity (g/capita/day),6.65,10.56,11.86,13.85,17.07,19.37
Jamaica,Offals,Protein supply quantity (g/capita/day),1.31,2.06,1.4,1.86,1.96,1.7
Japan,Bovine Meat,Protein supply quantity (g/capita/day),0.59,1.24,2.07,3.29,4.11,3.53
Japan,Mutton & Goat Meat,Protein supply quantity (g/capita/day),0.09,0.41,0.25,0.17,0.07,0.05
Japan,Pigmeat,Protein supply quantity (g/capita/day),0.55,2.1,3.57,4.34,4.9,5.56
Japan,Poultry Meat,Protein supply quantity (g/capita/day),0.47,1.78,3.46,4.67,5.47,6.81
Japan,Meat,Protein supply quantity (g/capita/day),2.86,6.4,9.77,12.62,14.64,16.0
Japan,Offals,Protein supply quantity (g/capita/day),0.28,0.8,1.45,1.68,1.45,1.27
Jordan,Bovine Meat,Protein supply quantity (g/capita/day),0.28,0.31,2.26,1.22,2.87,2.82
Jordan,Mutton & Goat Meat,Protein supply quantity (g/capita/day),1.59,2.33,3.28,3.04,1.96,1.85
Jordan,Pigmeat,Protein supply quantity (g/capita/day),0.0,0.0,0.0,0.0,0.0,0.01
Jordan,Poultry Meat,Protein supply quantity (g/capita/day),0.22,2.23,4.55,8.51,8.83,12.06
Jordan,Meat,Protein supply quantity (g/capita/day),2.27,5.06,10.85,12.83,13.7,16.78
Jordan,Offals,Protein supply quantity (g/capita/day),0.38,0.55,0.33,0.39,0.37,0.4
Kenya,Bovine Meat,Protein supply quantity (g/capita/day),5.07,4.46,3.95,4.07,3.55,4.39
Kenya,Mutton & Goat Meat,Protein supply quantity (g/capita/day),1.43,0.86,0.85,0.97,0.94,0.81
Kenya,Pigmeat,Protein supply quantity (g/capita/day),0.07,0.03,0.05,0.07,0.1,0.06
Kenya,Poultry Meat,Protein supply quantity (g/capita/day),0.29,0.52,0.68,0.25,0.3,0.2
Kenya,Meat,Protein supply quantity (g/capita/day),7.58,6.5,6.06,5.89,5.35,6.35
Kenya,Offals,Protein supply quantity (g/capita/day),1.64,1.24,1.17,1.21,0.98,0.86
Kiribati,Bovine Meat,Protein supply quantity (g/capita/day),0.97,3.71,3.23,3.12,2.71,3.29
Kiribati,Mutton & Goat Meat,Protein supply quantity (g/capita/day),0.0,0.0,0.05,0.04,0.13,0.0
Kiribati,Pigmeat,Protein supply quantity (g/capita/day),4.43,3.41,2.84,2.32,3.07,2.68
Kiribati,Poultry Meat,Protein supply quantity (g/capita/day),0.97,0.97,1.37,1.94,5.45,5.51
Kiribati,Meat,Protein supply quantity (g/capita/day),6.37,8.1,7.58,7.69,11.94,11.48
Kiribati,Offals,Protein supply quantity (g/capita/day),0.56,0.43,0.34,0.27,0.49,0.39
Kuwait,Bovine Meat,Protein supply quantity (g/capita/day),1.63,1.2,3.83,0.74,2.62,3.6
Kuwait,Mutton & Goat Meat,Protein supply quantity (g/capita/day),10.04,7.03,7.84,1.52,6.67,4.96
Kuwait,Poultry Meat,Protein supply quantity (g/capita/day),3.66,3.9,8.56,3.06,19.63,22.46
Kuwait,Meat,Protein supply quantity (g/capita/day),17.35,12.99,20.81,5.6,29.1,31.33
Kuwait,Offals,Protein supply quantity (g/capita/day),3.54,1.51,3.25,0.51,2.04,1.7
Lao People's Democratic Republic,Bovine Meat,Protein supply quantity (g/capita/day),0.92,1.15,1.03,1.42,2.16,2.49
Lao People's Democratic Republic,Mutton & Goat Meat,Protein supply quantity (g/capita/day),0.01,0.01,0.01,0.03,0.04,0.11
Lao People's Democratic Republic,Pigmeat,Protein supply quantity (g/capita/day),1.26,1.28,1.65,1.52,1.75,2.64
Lao People's Democratic Republic,Poultry Meat,Protein supply quantity (g/capita/day),0.69,1.02,0.48,0.56,0.78,1.24
Lao People's Democratic Republic,Meat,Protein supply quantity (g/capita/day),2.89,3.46,3.17,3.53,4.74,6.48
Lao People's Democratic Republic,Offals,Protein supply quantity (g/capita/day),0.44,0.48,0.55,0.61,0.66,0.83
Lebanon,Bovine Meat,Protein supply quantity (g/capita/day),2.93,3.81,4.79,3.46,5.67,6.82
Lebanon,Mutton & Goat Meat,Protein supply quantity (g/capita/day),3.96,3.19,2.07,1.42,2.18,1.1
Lebanon,Pigmeat,Protein supply quantity (g/capita/day),0.13,0.18,0.26,0.69,0.8,0.5
Lebanon,Poultry Meat,Protein supply quantity (g/capita/day),1.26,2.94,7.15,7.73,9.2,7.75
Lebanon,Meat,Protein supply quantity (g/capita/day),8.28,10.13,14.49,13.3,17.86,16.18
Lebanon,Offals,Protein supply quantity (g/capita/day),1.27,1.09,0.82,0.56,1.09,0.74
Lesotho,Bovine Meat,Protein supply quantity (g/capita/day),3.82,3.19,3.22,2.58,2.17,2.45
Lesotho,Mutton & Goat Meat,Protein supply quantity (g/capita/day),1.47,1.66,1.72,1.61,1.3,1.46
Lesotho,Pigmeat,Protein supply quantity (g/capita/day),0.6,0.62,0.53,0.41,0.66,0.8
Lesotho,Poultry Meat,Protein supply quantity (g/capita/day),0.18,0.23,0.19,1.09,1.18,1.75
Lesotho,Meat,Protein supply quantity (g/capita/day),7.6,7.19,6.95,7.38,6.87,8.85
Lesotho,Offals,Protein supply quantity (g/capita/day),1.14,1.05,1.06,0.89,0.85,0.84
Liberia,Bovine Meat,Protein supply quantity (g/capita/day),1.22,1.29,0.58,0.39,0.3,0.28
Liberia,Mutton & Goat Meat,Protein supply quantity (g/capita/day),0.21,0.24,0.22,0.24,0.16,0.18
Liberia,Pigmeat,Protein supply quantity (g/capita/day),0.59,0.62,0.66,0.67,0.55,1.11
Liberia,Poultry Meat,Protein supply quantity (g/capita/day),0.35,0.42,0.52,0.93,0.96,2.65
Liberia,Meat,Protein supply quantity (g/capita/day),5.41,4.81,5.96,3.91,3.34,5.41
Liberia,Offals,Protein supply quantity (g/capita/day),0.24,0.27,0.17,0.17,0.25,0.28
Madagascar,Bovine Meat,Protein supply quantity (g/capita/day),7.27,5.19,6.0,4.88,2.97,3.11
Madagascar,Mutton & Goat Meat,Protein supply quantity (g/capita/day),0.24,0.42,0.49,0.31,0.21,0.24
Madagascar,Pigmeat,Protein supply quantity (g/capita/day),0.92,1.11,1.24,1.46,0.37,0.84
Madagascar,Poultry Meat,Protein supply quantity (g/capita/day),1.59,1.86,1.3,1.2,1.39,1.14
Madagascar,Meat,Protein supply quantity (g/capita/day),10.21,8.73,9.16,8.0,5.09,5.51
Madagascar,Offals,Protein supply quantity (g/capita/day),2.13,1.8,1.79,1.45,0.93,0.97
Malawi,Bovine Meat,Protein supply quantity (g/capita/day),0.47,0.67,1.05,0.71,0.67,0.88
Malawi,Mutton & Goat Meat,Protein supply quantity (g/capita/day),0.25,0.23,0.19,0.15,0.39,0.79
Malawi,Pigmeat,Protein supply quantity (g/capita/day),0.33,0.37,0.37,0.33,0.49,0.82
Malawi,Poultry Meat,Protein supply quantity (g/capita/day),0.21,0.42,0.48,0.45,0.47,0.49
Malawi,Meat,Protein supply quantity (g/capita/day),1.26,1.7,2.09,1.64,2.03,2.98
Malawi,Offals,Protein supply quantity (g/capita/day),0.18,0.22,0.22,0.15,0.2,0.59
Malaysia,Bovine Meat,Protein supply quantity (g/capita/day),0.67,0.56,0.78,1.56,2.24,2.34
Malaysia,Mutton & Goat Meat,Protein supply quantity (g/capita/day),0.15,0.14,0.1,0.15,0.24,0.24
Malaysia,Pigmeat,Protein supply quantity (g/capita/day),2.02,1.9,3.1,3.86,2.42,2.57
Malaysia,Poultry Meat,Protein supply quantity (g/capita/day),1.09,2.18,3.34,7.92,10.58,12.65
Malaysia,Meat,Protein supply quantity (g/capita/day),4.11,4.95,7.57,13.5,15.49,17.8
Malaysia,Offals,Protein supply quantity (g/capita/day),0.53,0.61,0.88,1.69,1.55,1.85
Maldives,Bovine Meat,Protein supply quantity (g/capita/day),0.0,0.0,0.0,0.86,1.07,2.71
Maldives,Mutton & Goat Meat,Protein supply quantity (g/capita/day),0.0,0.0,0.0,0.0,0.14,0.31
Maldives,Pigmeat,Protein supply quantity (g/capita/day),0.0,0.0,0.0,0.12,0.21,0.37
Maldives,Poultry Meat,Protein supply quantity (g/capita/day),0.0,0.0,0.0,0.37,2.33,4.37
Maldives,Meat,Protein supply quantity (g/capita/day),1.99,1.93,1.71,3.04,5.27,8.95
Maldives,Offals,Protein supply quantity (g/capita/day),0.0,0.0,0.0,0.0,0.03,0.0
Mali,Bovine Meat,Protein supply quantity (g/capita/day),2.35,3.13,2.7,3.81,2.64,4.14
Mali,Mutton & Goat Meat,Protein supply quantity (g/capita/day),1.71,2.07,2.71,2.02,2.66,3.35
Mali,Pigmeat,Protein supply quantity (g/capita/day),0.02,0.05,0.08,0.08,0.07,0.06
Mali,Poultry Meat,Protein supply quantity (g/capita/day),0.53,0.71,0.6,0.99,0.87,1.0
Mali,Meat,Protein supply quantity (g/capita/day),5.65,7.6,7.7,8.14,7.84,9.86
Mali,Offals,Protein supply quantity (g/capita/day),0.98,1.32,1.1,1.21,1.16,1.62
Malta,Bovine Meat,Protein supply quantity (g/capita/day),7.09,9.63,6.82,13.86,6.23,6.94
Malta,Mutton & Goat Meat,Protein supply quantity (g/capita/day),0.62,0.8,0.24,0.52,0.92,0.56
Malta,Pigmeat,Protein supply quantity (g/capita/day),2.43,3.48,3.64,7.64,8.39,8.5
Malta,Poultry Meat,Protein supply quantity (g/capita/day),1.26,3.56,5.36,3.83,7.02,10.41
Malta,Meat,Protein supply quantity (g/capita/day),11.55,18.91,20.0,26.67,24.45,29.17
Malta,Offals,Protein supply quantity (g/capita/day),1.06,1.57,1.45,1.53,1.27,0.98
Mauritania,Bovine Meat,Protein supply quantity (g/capita/day),4.37,4.6,4.76,3.72,3.1,2.6
Mauritania,Mutton & Goat Meat,Protein supply quantity (g/capita/day),6.01,5.34,4.3,4.01,5.08,4.42
Mauritania,Pigmeat,Protein supply quantity (g/capita/day),0.0,0.0,0.0,0.0,0.0,0.0
Mauritania,Poultry Meat,Protein supply quantity (g/capita/day),0.51,0.54,0.59,0.6,0.84,1.33
Mauritania,Meat,Protein supply quantity (g/capita/day),13.75,13.77,12.42,11.61,11.84,10.69
Mauritania,Offals,Protein supply quantity (g/capita/day),2.64,2.83,2.43,2.13,2.13,1.79
Mauritius,Bovine Meat,Protein supply quantity (g/capita/day),1.76,1.23,2.22,3.47,2.96,2.71
Mauritius,Mutton & Goat Meat,Protein supply quantity (g/capita/day),0.32,0.54,0.64,1.84,1.72,1.5
Mauritius,Pigmeat,Protein supply quantity (g/capita/day),0.22,0.33,0.29,0.69,0.82,1.23
Mauritius,Poultry Meat,Protein supply quantity (g/capita/day),0.23,0.33,2.05,4.6,8.02,12.91
Mauritius,Meat,Protein supply quantity (g/capita/day),2.57,2.52,5.37,10.94,14.0,18.73
Mauritius,Offals,Protein supply quantity (g/capita/day),0.28,0.37,0.65,1.05,0.89,0.67
Mexico,Bovine Meat,Protein supply quantity (g/capita/day),3.46,3.36,4.76,6.13,7.02,6.5
Mexico,Mutton & Goat Meat,Protein supply quantity (g/capita/day),0.31,0.3,0.36,0.39,0.48,0.39
Mexico,Pigmeat,Protein supply quantity (g/capita/day),3.16,2.75,5.43,3.01,3.59,4.09
Mexico,Poultry Meat,Protein supply quantity (g/capita/day),0.99,1.23,1.94,3.24,6.44,8.42
Mexico,Meat,Protein supply quantity (g/capita/day),8.42,8.01,12.89,13.32,18.63,19.73
Mexico,Offals,Protein supply quantity (g/capita/day),1.26,1.23,2.18,2.43,2.61,2.59
Mongolia,Bovine Meat,Protein supply quantity (g/capita/day),16.89,12.17,10.67,12.58,10.62,7.19
Mongolia,Mutton & Goat Meat,Protein supply quantity (g/capita/day),21.13,18.42,21.09,19.46,14.84,15.9
Mongolia,Pigmeat,Protein supply quantity (g/capita/day),0.1,0.1,0.26,0.55,0.07,0.04
Mongolia,Poultry Meat,Protein supply quantity (g/capita/day),0.07,0.07,0.06,0.06,0.04,0.69
Mongolia,Meat,Protein supply quantity (g/capita/day),53.97,40.1,40.72,42.82,32.15,26.91
Mongolia,Offals,Protein supply quantity (g/capita/day),0.0,0.0,0.0,0.23,5.36,4.87
Morocco,Bovine Meat,Protein supply quantity (g/capita/day),2.11,2.21,2.65,2.44,2.0,2.62
Morocco,Mutton & Goat Meat,Protein supply quantity (g/capita/day),1.96,1.74,1.47,1.78,1.86,1.93
Morocco,Pigmeat,Protein supply quantity (g/capita/day),0.05,0.04,0.01,0.01,0.01,0.01
Morocco,Poultry Meat,Protein supply quantity (g/capita/day),0.68,0.65,0.86,2.23,3.26,7.27
Morocco,Meat,Protein supply quantity (g/capita/day),4.94,4.75,5.03,7.11,7.84,12.64
Morocco,Offals,Protein supply quantity (g/capita/day),0.74,0.79,0.74,0.74,0.71,0.87
Mozambique,Bovine Meat,Protein supply quantity (g/capita/day),1.31,1.33,1.24,0.46,0.26,0.37
Mozambique,Mutton & Goat Meat,Protein supply quantity (g/capita/day),0.14,0.14,0.07,0.39,0.59,0.35
Mozambique,Pigmeat,Protein supply quantity (g/capita/day),0.25,0.32,0.22,0.25,1.87,1.33
Mozambique,Poultry Meat,Protein supply quantity (g/capita/day),0.17,0.54,0.55,0.68,0.63,0.58
Mozambique,Meat,Protein supply quantity (g/capita/day),1.88,2.33,2.08,1.79,3.37,2.64
Mozambique,Offals,Protein supply quantity (g/capita/day),0.32,0.39,0.35,0.28,0.37,0.27
Myanmar,Bovine Meat,Protein supply quantity (g/capita/day),0.98,1.05,1.04,0.55,0.72,1.82
Myanmar,Mutton & Goat Meat,Protein supply quantity (g/capita/day),0.03,0.04,0.04,0.06,0.1,0.37
Myanmar,Pigmeat,Protein supply quantity (g/capita/day),0.34,0.65,0.67,0.4,0.8,3.49
Myanmar,Poultry Meat,Protein supply quantity (g/capita/day),0.27,0.55,0.71,0.61,1.88,7.24
Myanmar,Meat,Protein supply quantity (g/capita/day),1.62,2.29,2.46,1.62,3.5,12.94
Myanmar,Offals,Protein supply quantity (g/capita/day),0.31,0.36,0.36,0.2,0.24,0.74
Namibia,Bovine Meat,Protein supply quantity (g/capita/day),4.94,6.88,5.53,3.4,7.21,3.75
Namibia,Mutton & Goat Meat,Protein supply quantity (g/capita/day),8.4,7.67,5.59,3.82,1.1,2.23
Namibia,Pigmeat,Protein supply quantity (g/capita/day),0.42,0.5,0.56,0.68,1.13,1.1
Namibia,Poultry Meat,Protein supply quantity (g/capita/day),0.1,0.38,0.49,2.14,3.73,3.45
Namibia,Meat,Protein supply quantity (g/capita/day),15.13,16.72,13.46,10.84,14.56,12.98
Namibia,Offals,Protein supply quantity (g/capita/day),3.05,3.93,2.88,2.56,2.05,1.48
Nepal,Bovine Meat,Protein supply quantity (g/capita/day),1.46,1.61,2.32,2.43,2.39,2.57
Nepal,Mutton & Goat Meat,Protein supply quantity (g/capita/day),0.66,0.75,0.75,0.73,0.72,0.86
Nepal,Pigmeat,Protein supply quantity (g/capita/day),0.11,0.11,0.12,0.17,0.2,0.2
Nepal,Poultry Meat,Protein supply quantity (g/capita/day),0.12,0.12,0.12,0.17,0.19,0.45
Nepal,Meat,Protein supply quantity (g/capita/day),2.34,2.6,3.32,3.5,3.5,4.09
Nepal,Offals,Protein supply quantity (g/capita/day),0.58,0.65,0.88,0.91,0.9,0.92
Netherlands,Bovine Meat,Protein supply quantity (g/capita/day),8.1,8.49,7.59,8.35,7.28,6.04
Netherlands,Mutton & Goat Meat,Protein supply quantity (g/capita/day),0.08,0.1,0.2,0.39,0.51,0.34
Netherlands,Pigmeat,Protein supply quantity (g/capita/day),6.49,9.46,12.0,13.32,14.76,10.23
Netherlands,Poultry Meat,Protein supply quantity (g/capita/day),0.78,2.83,3.52,7.24,5.61,5.28
Netherlands,Meat,Protein supply quantity (g/capita/day),15.98,21.82,24.29,29.92,32.87,28.89
Netherlands,Offals,Protein supply quantity (g/capita/day),1.57,2.55,2.23,1.45,1.14,0.24
New Caledonia,Bovine Meat,Protein supply quantity (g/capita/day),10.89,13.85,6.81,6.67,6.53,6.65
New Caledonia,Mutton & Goat Meat,Protein supply quantity (g/capita/day),0.64,0.38,0.97,1.15,0.88,0.75
New Caledonia,Pigmeat,Protein supply quantity (g/capita/day),2.1,1.56,1.56,1.94,3.46,4.62
New Caledonia,Poultry Meat,Protein supply quantity (g/capita/day),0.54,5.38,6.58,10.47,11.98,15.12
New Caledonia,Meat,Protein supply quantity (g/capita/day),17.66,25.46,20.28,21.97,22.88,27.2
New Caledonia,Offals,Protein supply quantity (g/capita/day),2.94,2.41,1.31,1.82,2.38,3.05
New Zealand,Bovine Meat,Protein supply quantity (g/capita/day),16.36,15.67,17.33,12.07,9.01,16.25
New Zealand,Mutton & Goat Meat,Protein supply quantity (g/capita/day),14.12,13.7,9.75,10.39,8.29,6.87
New Zealand,Pigmeat,Protein supply quantity (g/capita/day),3.39,3.32,2.34,3.05,3.95,4.31
New Zealand,Poultry Meat,Protein supply quantity (g/capita/day),0.93,2.14,4.16,5.91,10.62,12.37
New Zealand,Meat,Protein supply quantity (g/capita/day),35.01,34.98,33.72,32.12,32.8,41.7
New Zealand,Offals,Protein supply quantity (g/capita/day),2.17,3.21,2.97,2.56,2.35,2.53
Nicaragua,Bovine Meat,Protein supply quantity (g/capita/day),4.66,5.97,4.23,2.81,1.99,0.17
Nicaragua,Mutton & Goat Meat,Protein supply quantity (g/capita/day),0.01,0.01,0.0,0.0,0.0,0.0
Nicaragua,Pigmeat,Protein supply quantity (g/capita/day),0.88,1.66,1.0,0.79,0.38,0.88
Nicaragua,Poultry Meat,Protein supply quantity (g/capita/day),0.35,0.58,1.09,1.2,3.53,5.66
Nicaragua,Meat,Protein supply quantity (g/capita/day),6.17,8.45,6.59,5.04,6.06,6.89
Nicaragua,Offals,Protein supply quantity (g/capita/day),1.6,2.2,1.03,0.8,0.63,1.3
Niger,Bovine Meat,Protein supply quantity (g/capita/day),2.38,2.58,3.83,2.66,4.58,3.48
Niger,Mutton & Goat Meat,Protein supply quantity (g/capita/day),2.29,3.69,3.89,2.32,2.15,1.61
Niger,Pigmeat,Protein supply quantity (g/capita/day),0.03,0.06,0.07,0.05,0.04,0.03
Niger,Poultry Meat,Protein supply quantity (g/capita/day),0.37,0.47,0.48,0.4,0.33,0.35
Niger,Meat,Protein supply quantity (g/capita/day),6.05,8.19,9.52,6.71,8.43,6.82
Niger,Offals,Protein supply quantity (g/capita/day),1.09,1.35,1.74,1.1,1.43,1.28
Nigeria,Bovine Meat,Protein supply quantity (g/capita/day),1.38,1.31,1.83,0.84,1.01,0.94
Nigeria,Mutton & Goat Meat,Protein supply quantity (g/capita/day),0.11,0.21,0.48,0.67,1.12,1.09
Nigeria,Pigmeat,Protein supply quantity (g/capita/day),0.15,0.16,0.16,0.35,0.42,0.47
Nigeria,Poultry Meat,Protein supply quantity (g/capita/day),0.2,0.32,0.58,0.52,0.45,0.57
Nigeria,Meat,Protein supply quantity (g/capita/day),2.69,2.87,3.71,2.85,3.49,3.56
Nigeria,Offals,Protein supply quantity (g/capita/day),0.22,0.24,0.35,0.33,0.47,0.45
Norway,Bovine Meat,Protein supply quantity (g/capita/day),5.62,5.38,6.91,6.71,7.29,6.87
Norway,Mutton & Goat Meat,Protein supply quantity (g/capita/day),1.47,1.53,1.96,1.97,1.91,1.75
Norway,Pigmeat,Protein supply quantity (g/capita/day),3.99,4.86,5.3,5.39,6.37,6.26
Norway,Poultry Meat,Protein supply quantity (g/capita/day),0.28,0.77,1.23,1.95,4.02,7.0
Norway,Meat,Protein supply quantity (g/capita/day),12.61,13.42,16.43,16.88,20.43,22.47
Norway,Offals,Protein supply quantity (g/capita/day),1.36,1.22,1.1,1.1,1.14,0.95
Pakistan,Bovine Meat,Protein supply quantity (g/capita/day),1.82,1.72,1.65,2.08,2.13,2.97
Pakistan,Mutton & Goat Meat,Protein supply quantity (g/capita/day),0.9,1.01,1.42,1.86,1.35,1.0
Pakistan,Pigmeat,Protein supply quantity (g/capita/day),0.0,0.0,0.0,0.0,0.0,0.0
Pakistan,Poultry Meat,Protein supply quantity (g/capita/day),0.07,0.08,0.22,0.45,0.79,1.47
Pakistan,Meat,Protein supply quantity (g/capita/day),2.88,2.89,3.35,4.45,4.31,5.5
Pakistan,Offals,Protein supply quantity (g/capita/day),0.51,0.53,0.64,0.82,0.85,0.85
Panama,Bovine Meat,Protein supply quantity (g/capita/day),7.71,10.11,11.29,8.49,7.64,8.0
Panama,Mutton & Goat Meat,Protein supply quantity (g/capita/day),0.0,0.0,0.0,0.0,0.0,0.0
Panama,Pigmeat,Protein supply quantity (g/capita/day),1.14,1.52,1.5,1.75,2.16,3.26
Panama,Poultry Meat,Protein supply quantity (g/capita/day),1.07,1.62,3.18,4.24,8.58,8.88
Panama,Meat,Protein supply quantity (g/capita/day),9.92,13.25,16.07,15.27,18.9,21.42
Panama,Offals,Protein supply quantity (g/capita/day),1.25,1.61,2.02,2.03,1.82,2.36
Paraguay,Bovine Meat,Protein supply quantity (g/capita/day),19.35,15.06,12.13,15.33,11.98,6.62
Paraguay,Mutton & Goat Meat,Protein supply quantity (g/capita/day),0.32,0.24,0.34,0.3,0.23,0.22
Paraguay,Pigmeat,Protein supply quantity (g/capita/day),4.51,5.96,9.77,9.47,9.01,8.67
Paraguay,Poultry Meat,Protein supply quantity (g/capita/day),0.87,0.86,1.37,1.26,2.08,1.84
Paraguay,Meat,Protein supply quantity (g/capita/day),25.58,22.58,23.65,26.39,23.32,17.56
Paraguay,Offals,Protein supply quantity (g/capita/day),4.88,3.83,2.91,3.89,2.99,2.25
Peru,Bovine Meat,Protein supply quantity (g/capita/day),3.93,4.07,2.48,2.31,2.04,2.46
Peru,Mutton & Goat Meat,Protein supply quantity (g/capita/day),1.73,1.33,0.55,0.44,0.39,0.37
Peru,Pigmeat,Protein supply quantity (g/capita/day),1.04,1.03,1.1,1.0,1.12,1.31
Peru,Poultry Meat,Protein supply quantity (g/capita/day),1.05,2.29,3.01,3.9,4.0,5.74
Peru,"Meat, Aquatic Mammals",Protein supply quantity (g/capita/day),0.0,0.0,0.0,0.0,0.0,0.0
Peru,Meat,Protein supply quantity (g/capita/day),9.93,9.79,7.97,8.34,8.04,10.43
Peru,Offals,Protein supply quantity (g/capita/day),1.38,1.28,1.02,1.15,2.29,2.62
Philippines,Bovine Meat,Protein supply quantity (g/capita/day),1.01,0.9,0.87,0.84,1.76,1.66
Philippines,Mutton & Goat Meat,Protein supply quantity (g/capita/day),0.04,0.04,0.13,0.17,0.18,0.25
Philippines,Pigmeat,Protein supply quantity (g/capita/day),2.31,3.1,2.84,4.05,4.95,5.49
Philippines,Poultry Meat,Protein supply quantity (g/capita/day),0.76,0.95,1.76,1.51,2.64,3.73
Philippines,Meat,Protein supply quantity (g/capita/day),4.22,5.11,5.73,6.69,9.63,11.23
Philippines,Offals,Protein supply quantity (g/capita/day),0.27,0.39,0.38,0.53,0.73,1.14
Poland,Bovine Meat,Protein supply quantity (g/capita/day),3.43,6.32,7.86,7.89,2.82,1.07
Poland,Mutton & Goat Meat,Protein supply quantity (g/capita/day),0.27,0.22,0.16,0.24,0.01,0.02
Poland,Pigmeat,Protein supply quantity (g/capita/day),10.81,12.23,12.24,16.29,14.96,17.69
Poland,Poultry Meat,Protein supply quantity (g/capita/day),0.62,1.25,4.64,3.25,6.86,9.05
Poland,Meat,Protein supply quantity (g/capita/day),15.43,20.22,25.04,27.85,24.76,27.89
Poland,Offals,Protein supply quantity (g/capita/day),0.92,0.88,1.1,1.31,1.44,1.54
Portugal,Bovine Meat,Protein supply quantity (g/capita/day),2.53,4.73,5.12,6.6,5.74,6.79
Portugal,Mutton & Goat Meat,Protein supply quantity (g/capita/day),0.81,0.85,0.84,1.41,1.14,0.83
Portugal,Pigmeat,Protein supply quantity (g/capita/day),2.46,3.24,4.71,7.37,10.93,10.92
Portugal,Poultry Meat,Protein supply quantity (g/capita/day),0.65,2.76,5.45,5.97,11.63,12.05
Portugal,Meat,Protein supply quantity (g/capita/day),6.86,12.19,16.72,21.99,29.91,31.22
Portugal,Offals,Protein supply quantity (g/capita/day),1.34,1.54,1.97,2.39,2.83,2.77
Republic of Korea,Bovine Meat,Protein supply quantity (g/capita/day),0.31,0.47,1.29,2.75,3.63,5.09
Republic of Korea,Mutton & Goat Meat,Protein supply quantity (g/capita/day),0.01,0.01,0.05,0.07,0.04,0.05
Republic of Korea,Pigmeat,Protein supply quantity (g/capita/day),0.68,0.7,1.91,3.56,6.15,8.57
Republic of Korea,Poultry Meat,Protein supply quantity (g/capita/day),0.22,0.54,0.83,2.6,3.69,5.48
Republic of Korea,Meat,Protein supply quantity (g/capita/day),1.3,1.77,4.12,9.04,13.64,19.3
Republic of Korea,Offals,Protein supply quantity (g/capita/day),0.18,0.2,0.5,0.79,1.62,1.77
Romania,Bovine Meat,Protein supply quantity (g/capita/day),3.03,3.13,3.62,5.45,2.89,2.76
Romania,Mutton & Goat Meat,Protein supply quantity (g/capita/day),0.98,1.35,0.89,1.38,0.8,1.06
Romania,Pigmeat,Protein supply quantity (g/capita/day),3.38,5.05,7.99,7.83,7.05,7.51
Romania,Poultry Meat,Protein supply quantity (g/capita/day),1.37,2.6,6.12,5.73,6.4,6.13
Romania,Meat,Protein supply quantity (g/capita/day),8.99,12.31,18.77,20.72,17.44,17.7
Romania,Offals,Protein supply quantity (g/capita/day),1.06,1.0,1.18,2.09,1.99,1.87
Rwanda,Bovine Meat,Protein supply quantity (g/capita/day),0.54,0.69,1.01,0.82,0.89,1.02
Rwanda,Mutton & Goat Meat,Protein supply quantity (g/capita/day),0.31,0.22,0.28,0.28,0.15,0.73
Rwanda,Pigmeat,Protein supply quantity (g/capita/day),0.12,0.03,0.18,0.12,0.12,0.22
Rwanda,Poultry Meat,Protein supply quantity (g/capita/day),0.04,0.04,0.07,0.07,0.06,0.42
Rwanda,Meat,Protein supply quantity (g/capita/day),1.67,1.68,2.13,1.85,1.92,3.09
Rwanda,Offals,Protein supply quantity (g/capita/day),0.21,0.22,0.33,0.27,0.26,0.42
Saint Kitts and Nevis,Bovine Meat,Protein supply quantity (g/capita/day),1.34,1.74,3.57,3.68,3.87,2.58
Saint Kitts and Nevis,Mutton & Goat Meat,Protein supply quantity (g/capita/day),0.75,1.12,1.02,1.6,1.79,0.62
Saint Kitts and Nevis,Pigmeat,Protein supply quantity (g/capita/day),1.18,1.68,1.66,1.47,2.74,2.38
Saint Kitts and Nevis,Poultry Meat,Protein supply quantity (g/capita/day),1.29,3.55,8.92,13.3,15.31,19.18
Saint Kitts and Nevis,Meat,Protein supply quantity (g/capita/day),5.32,10.52,15.8,23.59,26.62,26.83
Saint Kitts and Nevis,Offals,Protein supply quantity (g/capita/day),0.48,0.5,0.57,0.87,2.03,1.09
Saint Lucia,Bovine Meat,Protein supply quantity (g/capita/day),1.48,2.87,2.58,4.7,3.48,2.56
Saint Lucia,Mutton & Goat Meat,Protein supply quantity (g/capita/day),0.54,0.81,0.8,2.45,2.71,1.45
Saint Lucia,Pigmeat,Protein supply quantity (g/capita/day),2.65,3.0,2.76,3.13,4.62,6.0
Saint Lucia,Poultry Meat,Protein supply quantity (g/capita/day),0.69,3.76,10.25,16.24,20.94,22.91
Saint Lucia,Meat,Protein supply quantity (g/capita/day),5.36,10.44,16.89,27.53,31.74,32.95
Saint Lucia,Offals,Protein supply quantity (g/capita/day),0.48,0.47,0.73,2.99,2.08,2.25
Saint Vincent and the Grenadines,Bovine Meat,Protein supply quantity (g/capita/day),1.04,1.35,1.3,2.61,2.56,3.75
Saint Vincent and the Grenadines,Mutton & Goat Meat,Protein supply quantity (g/capita/day),0.17,0.18,0.22,0.33,0.28,0.48
Saint Vincent and the Grenadines,Pigmeat,Protein supply quantity (g/capita/day),1.1,2.08,1.84,3.2,2.79,3.59
Saint Vincent and the Grenadines,Poultry Meat,Protein supply quantity (g/capita/day),0.43,2.65,5.97,12.46,15.42,24.43
Saint Vincent and the Grenadines,Meat,Protein supply quantity (g/capita/day),3.14,6.89,9.9,19.18,21.06,32.27
Saint Vincent and the Grenadines,Offals,Protein supply quantity (g/capita/day),0.2,0.24,0.24,0.28,0.28,0.5
Samoa,Bovine Meat,Protein supply quantity (g/capita/day),6.75,7.88,1.86,3.47,4.67,3.88
Samoa,Mutton & Goat Meat,Protein supply quantity (g/capita/day),0.0,0.0,2.9,7.72,7.77,1.86
Samoa,Pigmeat,Protein supply quantity (g/capita/day),2.67,2.63,3.6,6.57,6.37,6.15
Samoa,Poultry Meat,Protein supply quantity (g/capita/day),0.98,0.87,3.21,5.31,8.51,19.08
Samoa,Meat,Protein supply quantity (g/capita/day),10.4,11.37,13.73,23.89,27.32,30.97
Samoa,Offals,Protein supply quantity (g/capita/day),0.59,0.62,0.79,1.44,1.28,1.17
Sao Tome and Principe,Bovine Meat,Protein supply quantity (g/capita/day),0.76,1.01,1.21,0.91,0.33,1.36
Sao Tome and Principe,Mutton & Goat Meat,Protein supply quantity (g/capita/day),0.08,0.07,0.08,0.07,0.08,0.0
Sao Tome and Principe,Pigmeat,Protein supply quantity (g/capita/day),0.84,0.9,0.25,0.3,0.64,1.3
Sao Tome and Principe,Poultry Meat,Protein supply quantity (g/capita/day),0.21,0.25,0.59,0.8,1.47,2.9
Sao Tome and Principe,Meat,Protein supply quantity (g/capita/day),1.9,2.24,2.15,2.08,2.51,5.69
Sao Tome and Principe,Offals,Protein supply quantity (g/capita/day),0.25,0.22,0.08,0.07,0.1,0.09
Saudi Arabia,Bovine Meat,Protein supply quantity (g/capita/day),0.43,0.58,2.59,1.97,1.0,2.39
Saudi Arabia,Mutton & Goat Meat,Protein supply quantity (g/capita/day),1.92,1.69,2.72,2.51,2.59,2.38
Saudi Arabia,Poultry Meat,Protein supply quantity (g/capita/day),0.28,0.87,8.18,11.18,13.67,15.88
Saudi Arabia,Meat,Protein supply quantity (g/capita/day),3.48,4.19,14.56,16.53,17.95,21.2
Saudi Arabia,Offals,Protein supply quantity (g/capita/day),0.6,0.64,0.99,1.54,1.77,1.55
Senegal,Bovine Meat,Protein supply quantity (g/capita/day),3.26,3.24,2.58,2.31,1.95,2.13
Senegal,Mutton & Goat Meat,Protein supply quantity (g/capita/day),1.14,0.74,0.76,1.15,0.96,1.11
Senegal,Pigmeat,Protein supply quantity (g/capita/day),0.07,0.29,0.23,0.14,0.3,0.28
Senegal,Poultry Meat,Protein supply quantity (g/capita/day),0.15,0.39,0.56,0.78,0.95,1.42
Senegal,Meat,Protein supply quantity (g/capita/day),5.17,5.36,4.8,5.04,4.78,5.49
Senegal,Offals,Protein supply quantity (g/capita/day),1.11,1.09,0.88,0.92,0.85,0.77
Sierra Leone,Bovine Meat,Protein supply quantity (g/capita/day),0.8,0.84,0.71,0.69,0.46,0.72
Sierra Leone,Mutton & Goat Meat,Protein supply quantity (g/capita/day),0.15,0.16,0.18,0.14,0.08,0.26
Sierra Leone,Pigmeat,Protein supply quantity (g/capita/day),0.14,0.15,0.17,0.18,0.02,0.19
Sierra Leone,Poultry Meat,Protein supply quantity (g/capita/day),0.25,0.33,0.56,0.67,0.14,1.27
Sierra Leone,Meat,Protein supply quantity (g/capita/day),1.79,1.87,1.93,1.91,1.14,3.35
Sierra Leone,Offals,Protein supply quantity (g/capita/day),0.3,0.33,0.31,0.24,0.2,0.32
Solomon Islands,Bovine Meat,Protein supply quantity (g/capita/day),2.58,3.4,2.87,1.2,0.54,2.66
Solomon Islands,Mutton & Goat Meat,Protein supply quantity (g/capita/day),0.0,0.0,0.0,0.0,0.0,0.02
Solomon Islands,Pigmeat,Protein supply quantity (g/capita/day),1.63,2.13,1.99,1.93,1.62,1.4
Solomon Islands,Poultry Meat,Protein supply quantity (g/capita/day),0.25,0.35,0.46,0.17,0.25,2.05
Solomon Islands,Meat,Protein supply quantity (g/capita/day),4.46,5.88,5.32,3.3,2.41,6.15
Solomon Islands,Offals,Protein supply quantity (g/capita/day),0.34,0.5,0.52,0.44,0.35,0.31
South Africa,Bovine Meat,Protein supply quantity (g/capita/day),8.14,6.6,7.28,7.3,4.61,6.33
South Africa,Mutton & Goat Meat,Protein supply quantity (g/capita/day),2.45,2.98,1.95,1.62,1.38,1.2
South Africa,Pigmeat,Protein supply quantity (g/capita/day),0.81,0.92,0.85,0.8,0.7,1.2
South Africa,Poultry Meat,Protein supply quantity (g/capita/day),0.76,1.9,3.16,5.52,8.32,13.75
South Africa,Meat,Protein supply quantity (g/capita/day),12.18,12.42,13.32,15.39,15.09,22.9
South Africa,Offals,Protein supply quantity (g/capita/day),2.08,1.94,1.88,1.93,1.9,2.64
Spain,Bovine Meat,Protein supply quantity (g/capita/day),2.37,4.67,4.74,5.22,5.78,5.14
Spain,Mutton & Goat Meat,Protein supply quantity (g/capita/day),1.31,1.39,1.67,2.29,2.05,0.95
Spain,Pigmeat,Protein supply quantity (g/capita/day),2.13,3.95,8.72,13.39,17.06,12.83
Spain,Poultry Meat,Protein supply quantity (g/capita/day),1.08,5.71,9.57,9.92,10.77,12.13
Spain,Meat,Protein supply quantity (g/capita/day),7.54,16.37,25.92,31.93,37.53,31.97
Spain,Offals,Protein supply quantity (g/capita/day),0.97,1.64,2.27,2.77,3.2,2.39
Sri Lanka,Bovine Meat,Protein supply quantity (g/capita/day),1.18,1.26,0.78,0.71,0.66,0.53
Sri Lanka,Mutton & Goat Meat,Protein supply quantity (g/capita/day),0.12,0.09,0.08,0.05,0.05,0.04
Sri Lanka,Pigmeat,Protein supply quantity (g/capita/day),0.03,0.05,0.04,0.05,0.03,0.0
Sri Lanka,Poultry Meat,Protein supply quantity (g/capita/day),0.21,0.44,0.43,0.47,1.48,1.67
Sri Lanka,Meat,Protein supply quantity (g/capita/day),1.56,1.83,1.34,1.28,2.22,2.23
Sri Lanka,Offals,Protein supply quantity (g/capita/day),0.32,0.36,0.26,0.25,0.32,0.34
Sudan (former),Bovine Meat,Protein supply quantity (g/capita/day),3.58,4.09,5.1,3.53,3.77,3.29
Sudan (former),Mutton & Goat Meat,Protein supply quantity (g/capita/day),2.2,2.12,2.27,1.82,4.42,4.27
Sudan (former),Poultry Meat,Protein supply quantity (g/capita/day),0.24,0.3,0.32,0.29,0.27,0.36
Sudan (former),Meat,Protein supply quantity (g/capita/day),7.88,8.28,8.98,6.67,9.9,9.6
Sudan (former),Offals,Protein supply quantity (g/capita/day),1.04,1.11,1.27,1.03,2.08,2.19
Suriname,Bovine Meat,Protein supply quantity (g/capita/day),4.28,4.02,6.3,4.05,2.36,4.18
Suriname,Mutton & Goat Meat,Protein supply quantity (g/capita/day),0.07,0.04,0.04,0.08,0.03,0.02
Suriname,Pigmeat,Protein supply quantity (g/capita/day),0.24,0.75,0.94,1.45,1.08,2.14
Suriname,Poultry Meat,Protein supply quantity (g/capita/day),3.61,3.99,6.82,6.91,8.5,10.63
Suriname,Meat,Protein supply quantity (g/capita/day),8.35,8.97,14.11,13.0,12.16,17.07
Suriname,Offals,Protein supply quantity (g/capita/day),0.36,0.38,0.39,0.7,0.42,0.4
Swaziland,Bovine Meat,Protein supply quantity (g/capita/day),11.23,8.84,11.83,8.26,6.05,5.7
Swaziland,Mutton & Goat Meat,Protein supply quantity (g/capita/day),1.81,2.02,1.8,1.01,1.23,0.72
Swaziland,Pigmeat,Protein supply quantity (g/capita/day),0.4,0.31,0.38,0.28,0.58,0.4
Swaziland,Poultry Meat,Protein supply quantity (g/capita/day),0.28,0.3,0.43,0.44,2.09,1.82
Swaziland,Meat,Protein supply quantity (g/capita/day),13.71,11.47,14.44,9.99,10.3,8.79
Swaziland,Offals,Protein supply quantity (g/capita/day),1.71,1.78,1.72,1.08,1.18,0.99
Sweden,Bovine Meat,Protein supply quantity (g/capita/day),7.7,6.57,7.13,6.59,7.98,9.27
Sweden,Mutton & Goat Meat,Protein supply quantity (g/capita/day),0.09,0.17,0.23,0.2,0.31,0.45
Sweden,Pigmeat,Protein supply quantity (g/capita/day),8.07,9.5,11.51,10.21,11.39,12.23
Sweden,Poultry Meat,Protein supply quantity (g/capita/day),1.09,1.36,2.19,2.73,4.59,6.73
Sweden,Meat,Protein supply quantity (g/capita/day),18.28,18.49,22.43,21.18,25.53,29.85
Sweden,Offals,Protein supply quantity (g/capita/day),1.52,1.5,1.24,1.03,1.03,0.38
Switzerland,Bovine Meat,Protein supply quantity (g/capita/day),8.22,9.64,9.5,9.47,7.06,7.48
Switzerland,Mutton & Goat Meat,Protein supply quantity (g/capita/day),0.25,0.37,0.51,0.64,0.62,0.53
Switzerland,Pigmeat,Protein supply quantity (g/capita/day),6.99,9.44,11.84,10.58,9.01,8.79
Switzerland,Poultry Meat,Protein supply quantity (g/capita/day),1.78,2.69,3.31,4.69,5.49,6.62
Switzerland,Meat,Protein supply quantity (g/capita/day),17.89,22.85,26.3,26.53,23.31,24.43
Switzerland,Offals,Protein supply quantity (g/capita/day),2.13,2.59,3.03,2.98,2.36,1.74
Thailand,Bovine Meat,Protein supply quantity (g/capita/day),2.42,2.2,2.29,2.06,0.92,1.04
Thailand,Mutton & Goat Meat,Protein supply quantity (g/capita/day),0.0,0.0,0.0,0.01,0.01,0.02
Thailand,Pigmeat,Protein supply quantity (g/capita/day),1.4,1.33,1.73,2.75,3.28,3.91
Thailand,Poultry Meat,Protein supply quantity (g/capita/day),1.13,1.91,2.53,4.2,4.08,4.01
Thailand,Meat,Protein supply quantity (g/capita/day),4.95,5.44,6.55,9.02,8.29,8.97
Thailand,Offals,Protein supply quantity (g/capita/day),0.58,0.53,0.6,0.45,0.32,0.57
Timor-Leste,Bovine Meat,Protein supply quantity (g/capita/day),1.04,1.25,0.72,0.61,0.75,0.59
Timor-Leste,Mutton & Goat Meat,Protein supply quantity (g/capita/day),0.64,0.51,0.1,0.17,0.13,0.2
Timor-Leste,Pigmeat,Protein supply quantity (g/capita/day),3.12,2.66,1.08,3.17,2.84,3.07
Timor-Leste,Poultry Meat,Protein supply quantity (g/capita/day),1.67,1.46,1.86,1.85,2.07,1.64
Timor-Leste,Meat,Protein supply quantity (g/capita/day),32.95,31.24,20.69,17.36,15.23,13.62
Timor-Leste,Offals,Protein supply quantity (g/capita/day),0.7,0.67,0.29,0.43,0.43,0.42
Togo,Bovine Meat,Protein supply quantity (g/capita/day),0.76,0.71,0.77,0.48,0.66,0.62
Togo,Mutton & Goat Meat,Protein supply quantity (g/capita/day),0.42,0.39,0.32,0.63,0.54,0.64
Togo,Pigmeat,Protein supply quantity (g/capita/day),0.5,0.42,0.39,0.51,0.42,0.5
Togo,Poultry Meat,Protein supply quantity (g/capita/day),0.2,0.31,0.76,0.65,1.46,2.1
Togo,Meat,Protein supply quantity (g/capita/day),3.42,2.73,2.95,2.81,3.54,4.3
Togo,Offals,Protein supply quantity (g/capita/day),0.31,0.28,0.25,0.3,0.31,0.42
Trinidad and Tobago,Bovine Meat,Protein supply quantity (g/capita/day),2.81,2.36,4.68,2.87,1.99,2.03
Trinidad and Tobago,Mutton & Goat Meat,Protein supply quantity (g/capita/day),0.39,0.36,0.79,0.91,0.84,1.17
Trinidad and Tobago,Pigmeat,Protein supply quantity (g/capita/day),1.95,1.67,1.63,0.99,1.34,2.2
Trinidad and Tobago,Poultry Meat,Protein supply quantity (g/capita/day),3.15,4.61,6.2,6.57,9.84,16.15
Trinidad and Tobago,Meat,Protein supply quantity (g/capita/day),8.77,9.53,14.71,11.39,14.01,21.58
Trinidad and Tobago,Offals,Protein supply quantity (g/capita/day),0.44,0.64,1.08,0.79,0.72,1.28
Tunisia,Bovine Meat,Protein supply quantity (g/capita/day),1.61,1.56,2.23,2.6,2.5,2.23
Tunisia,Mutton & Goat Meat,Protein supply quantity (g/capita/day),2.29,1.66,1.55,2.06,2.48,2.08
Tunisia,Poultry Meat,Protein supply quantity (g/capita/day),0.66,0.96,2.11,2.2,4.56,5.02
Tunisia,Meat,Protein supply quantity (g/capita/day),4.9,4.45,6.13,7.31,10.06,9.68
Tunisia,Offals,Protein supply quantity (g/capita/day),0.78,0.64,0.77,0.65,0.72,0.64
Turkey,Bovine Meat,Protein supply quantity (g/capita/day),1.73,1.54,1.52,3.1,2.38,4.75
Turkey,Mutton & Goat Meat,Protein supply quantity (g/capita/day),3.59,3.19,2.48,2.27,1.86,1.37
Turkey,Pigmeat,Protein supply quantity (g/capita/day),0.0,0.0,0.0,0.0,0.0,0.0
Turkey,Poultry Meat,Protein supply quantity (g/capita/day),0.79,1.08,2.14,2.56,3.22,6.42
Turkey,Meat,Protein supply quantity (g/capita/day),6.23,5.88,6.14,7.96,7.49,12.56
Turkey,Offals,Protein supply quantity (g/capita/day),1.03,0.95,0.89,0.64,0.48,0.44
Uganda,Bovine Meat,Protein supply quantity (g/capita/day),3.48,3.0,2.63,1.85,1.6,2.1
Uganda,Mutton & Goat Meat,Protein supply quantity (g/capita/day),0.71,0.53,0.55,0.52,0.51,0.51
Uganda,Pigmeat,Protein supply quantity (g/capita/day),0.04,0.13,0.2,0.95,0.93,0.96
Uganda,Poultry Meat,Protein supply quantity (g/capita/day),0.51,0.51,0.54,0.58,0.66,0.6
Uganda,Meat,Protein supply quantity (g/capita/day),5.19,4.73,4.42,4.33,4.06,4.57
Uganda,Offals,Protein supply quantity (g/capita/day),0.96,0.81,0.73,0.67,0.62,0.73
United Arab Emirates,Bovine Meat,Protein supply quantity (g/capita/day),1.51,2.11,7.97,4.84,2.0,2.15
United Arab Emirates,Mutton & Goat Meat,Protein supply quantity (g/capita/day),3.75,6.82,10.79,7.68,5.55,2.83
United Arab Emirates,Poultry Meat,Protein supply quantity (g/capita/day),0.25,1.58,13.02,12.46,16.74,13.42
United Arab Emirates,Meat,Protein supply quantity (g/capita/day),26.59,18.77,34.47,27.98,25.85,19.43
United Arab Emirates,Offals,Protein supply quantity (g/capita/day),6.21,3.05,1.64,1.96,1.47,0.85
United Kingdom,Bovine Meat,Protein supply quantity (g/capita/day),8.87,8.4,8.05,7.56,6.32,6.67
United Kingdom,Mutton & Goat Meat,Protein supply quantity (g/capita/day),3.91,3.43,2.32,2.38,1.87,1.58
United Kingdom,Pigmeat,Protein supply quantity (g/capita/day),7.08,7.97,7.13,6.74,6.72,7.36
United Kingdom,Poultry Meat,Protein supply quantity (g/capita/day),2.51,4.33,5.45,7.77,11.76,12.48
United Kingdom,Meat,Protein supply quantity (g/capita/day),23.05,24.5,23.11,24.57,27.54,29.45
United Kingdom,Offals,Protein supply quantity (g/capita/day),2.15,2.01,2.25,1.81,1.27,0.9
United Republic of Tanzania,Bovine Meat,Protein supply quantity (g/capita/day),2.6,2.98,2.7,3.02,2.06,2.26
United Republic of Tanzania,Mutton & Goat Meat,Protein supply quantity (g/capita/day),0.75,0.58,0.55,0.49,0.48,0.49
United Republic of Tanzania,Pigmeat,Protein supply quantity (g/capita/day),0.09,0.07,0.07,0.1,0.11,0.1
United Republic of Tanzania,Poultry Meat,Protein supply quantity (g/capita/day),0.22,0.29,0.31,0.37,0.49,0.69
United Republic of Tanzania,Meat,Protein supply quantity (g/capita/day),3.89,4.16,3.86,4.22,3.33,3.76
United Republic of Tanzania,Offals,Protein supply quantity (g/capita/day),0.81,0.75,0.67,0.7,0.56,0.6
United States of America,Bovine Meat,Protein supply quantity (g/capita/day),15.49,18.41,16.95,14.54,14.54,12.48
United States of America,Mutton & Goat Meat,Protein supply quantity (g/capita/day),0.77,0.49,0.26,0.26,0.2,0.15
United States of America,Pigmeat,Protein supply quantity (g/capita/day),7.75,8.06,8.27,7.7,7.82,7.18
United States of America,Poultry Meat,Protein supply quantity (g/capita/day),5.98,7.82,9.96,14.91,17.16,18.45
United States of America,Meat,Protein supply quantity (g/capita/day),30.58,35.33,35.93,37.77,40.07,38.65
United States of America,Offals,Protein supply quantity (g/capita/day),1.0,1.08,0.85,0.63,0.36,0.16
Uruguay,Bovine Meat,Protein supply quantity (g/capita/day),26.62,24.95,25.87,21.52,15.05,10.97
Uruguay,Mutton & Goat Meat,Protein supply quantity (g/capita/day),7.84,7.27,4.15,5.69,5.7,3.5
Uruguay,Pigmeat,Protein supply quantity (g/capita/day),2.2,2.91,2.75,2.22,3.04,3.44
Uruguay,Poultry Meat,Protein supply quantity (g/capita/day),0.89,1.54,1.27,2.4,4.8,6.29
Uruguay,Meat,Protein supply quantity (g/capita/day),37.65,36.72,34.14,32.12,29.02,24.57
Uruguay,Offals,Protein supply quantity (g/capita/day),0.73,0.9,0.94,0.81,0.93,1.27
Vanuatu,Bovine Meat,Protein supply quantity (g/capita/day),7.56,10.34,4.51,4.75,4.03,2.99
Vanuatu,Mutton & Goat Meat,Protein supply quantity (g/capita/day),0.12,0.09,0.09,0.09,0.1,0.11
Vanuatu,Pigmeat,Protein supply quantity (g/capita/day),6.1,5.14,5.62,5.04,4.75,4.6
Vanuatu,Poultry Meat,Protein supply quantity (g/capita/day),0.5,1.15,1.31,1.49,2.32,4.17
Vanuatu,Meat,Protein supply quantity (g/capita/day),14.36,16.81,11.58,12.1,12.1,12.8
Vanuatu,Offals,Protein supply quantity (g/capita/day),2.24,2.86,2.21,2.21,1.73,1.62
Venezuela (Bolivarian Republic of),Bovine Meat,Protein supply quantity (g/capita/day),5.28,5.87,6.87,5.09,5.2,6.46
Venezuela (Bolivarian Republic of),Mutton & Goat Meat,Protein supply quantity (g/capita/day),0.19,0.23,0.16,0.15,0.08,0.12
Venezuela (Bolivarian Republic of),Pigmeat,Protein supply quantity (g/capita/day),1.08,0.94,1.45,1.25,1.09,1.97
Venezuela (Bolivarian Republic of),Poultry Meat,Protein supply quantity (g/capita/day),1.87,3.22,7.17,5.54,12.56,16.09
Venezuela (Bolivarian Republic of),Meat,Protein supply quantity (g/capita/day),8.56,10.26,15.67,12.03,18.95,24.65
Venezuela (Bolivarian Republic of),Offals,Protein supply quantity (g/capita/day),1.1,1.28,1.58,1.17,1.08,0.99
Viet Nam,Bovine Meat,Protein supply quantity (g/capita/day),0.66,0.67,0.65,0.8,0.82,2.42
Viet Nam,Mutton & Goat Meat,Protein supply quantity (g/capita/day),0.01,0.02,0.01,0.01,0.03,0.06
Viet Nam,Pigmeat,Protein supply quantity (g/capita/day),2.24,1.86,2.14,2.97,5.42,10.4
Viet Nam,Poultry Meat,Protein supply quantity (g/capita/day),0.5,0.49,0.64,0.73,1.49,5.12
Viet Nam,Meat,Protein supply quantity (g/capita/day),3.42,3.06,3.47,4.6,7.85,18.14
Viet Nam,Offals,Protein supply quantity (g/capita/day),0.68,0.64,0.66,0.77,1.12,2.08
Yemen,Bovine Meat,Protein supply quantity (g/capita/day),1.43,1.01,1.66,1.23,1.28,1.85
Yemen,Mutton & Goat Meat,Protein supply quantity (g/capita/day),1.93,1.6,1.57,1.29,1.1,1.49
Yemen,Pigmeat,Protein supply quantity (g/capita/day),0.02,0.0,0.0,0.0,0.0,0.0
Yemen,Poultry Meat,Protein supply quantity (g/capita/day),0.1,0.09,2.9,1.38,2.78,3.54
Yemen,Meat,Protein supply quantity (g/capita/day),3.6,2.8,6.26,3.97,5.21,6.94
Yemen,Offals,Protein supply quantity (g/capita/day),0.75,0.59,0.76,0.57,0.53,0.77
Zambia,Bovine Meat,Protein supply quantity (g/capita/day),3.67,3.24,2.04,2.86,2.1,1.99
Zambia,Mutton & Goat Meat,Protein supply quantity (g/capita/day),0.15,0.13,0.07,0.1,0.22,0.27
Zambia,Pigmeat,Protein supply quantity (g/capita/day),0.29,0.28,0.4,0.38,0.33,0.54
Zambia,Poultry Meat,Protein supply quantity (g/capita/day),0.42,0.68,1.05,0.87,1.19,1.09
Zambia,Meat,Protein supply quantity (g/capita/day),6.49,6.27,5.45,6.0,5.5,5.27
Zambia,Offals,Protein supply quantity (g/capita/day),0.7,0.8,0.45,0.61,0.49,0.57
Zimbabwe,Bovine Meat,Protein supply quantity (g/capita/day),4.54,3.4,3.31,2.74,3.38,3.02
Zimbabwe,Mutton & Goat Meat,Protein supply quantity (g/capita/day),0.27,0.58,0.28,0.39,0.42,0.38
Zimbabwe,Pigmeat,Protein supply quantity (g/capita/day),0.43,0.5,0.38,0.32,0.69,0.88
Zimbabwe,Poultry Meat,Protein supply quantity (g/capita/day),0.31,0.3,0.35,0.54,1.03,2.27
Zimbabwe,Meat,Protein supply quantity (g/capita/day),6.6,5.75,5.21,4.84,6.54,7.8
Zimbabwe,Offals,Protein supply quantity (g/capita/day),1.04,1.27,0.83,0.67,0.76,0.78
